ID,Ruta completa,Dominio de catálogo,Items en categoría
MLM455483,Salud y Equipamiento Médico > Cuidado de la Salud > Farmacia > Medicamentos Requieren Receta,MLM-PRESCRIPTION_MEDICINES,180
MLM457827,Salud y Equipamiento Médico > Cuidado de la Salud > Farmacia > Medicamentos con Receta > Antiinfecciosos con Receta,MLM-RX_ANTINFECTIVE_MEDICINES,2390
MLM457835,Salud y Equipamiento Médico > Cuidado de la Salud > Farmacia > Medicamentos con Receta > Antiparasitarios con Receta,MLM-RX_ANTIPARASITIC_MEDICINES,234
MLM457830,Salud y Equipamiento Médico > Cuidado de la Salud > Farmacia > Medicamentos con Receta > Cardiovasculares con Receta,MLM-RX_CARDIOVASCULAR_MEDICINES,4136
MLM457831,Salud y Equipamiento Médico > Cuidado de la Salud > Farmacia > Medicamentos con Receta > Dermatológicos con Receta,MLM-RX_DERMATOLOGIC_MEDICINES,1298
MLM457828,Salud y Equipamiento Médico > Cuidado de la Salud > Farmacia > Medicamentos con Receta > Digestivos con Receta,MLM-RX_DIGESTIVE_AND_METABOLIC_MEDICINES,4102
MLM457834,Salud y Equipamiento Médico > Cuidado de la Salud > Farmacia > Medicamentos con Receta > Hormonales con Receta,MLM-RX_HORMONE_MEDICINES,689
MLM457833,Salud y Equipamiento Médico > Cuidado de la Salud > Farmacia > Medicamentos con Receta > Inmunomoduladores con Receta,MLM-RX_IMMUNOLOGIC_MEDICINES,688
MLM457826,Salud y Equipamiento Médico > Cuidado de la Salud > Farmacia > Medicamentos con Receta > Musculoarticulares con Receta,MLM-RX_MUSCULOSKELETAL_MEDICINES,2159
MLM457829,Salud y Equipamiento Médico > Cuidado de la Salud > Farmacia > Medicamentos con Receta > Para Ojos y Oídos con Receta,MLM-RX_OTIC_AND_EYE_CARE_MEDICINES,1068
MLM457825,Salud y Equipamiento Médico > Cuidado de la Salud > Farmacia > Medicamentos con Receta > Para la Sangre con Receta,MLM-RX_BLOOD_AND_HEMATOPOIETIC_ORGAN_MEDICINES,1053
MLM457837,Salud y Equipamiento Médico > Cuidado de la Salud > Farmacia > Medicamentos con Receta > Respiratorios con Receta,MLM-RX_RESPIRATORY_MEDICINES,1833
MLM457836,Salud y Equipamiento Médico > Cuidado de la Salud > Farmacia > Medicamentos con Receta > Sistema Nervioso con Receta,MLM-RX_NEUROLOGICAL_MEDICINES,4099
MLM457832,Salud y Equipamiento Médico > Cuidado de la Salud > Farmacia > Medicamentos con Receta > Uroginecológicos con Receta,MLM-RX_URINARY_MEDICINES,2220
