gtin,producto_catalogo,nombre_catalogo,tipo,motivo,fecha
7501868901131,MLM36026961,Croquetas Sportsmans Choice Adult Raza Pequeña 8 Kg Alimentó,otro_producto,"El catálogo es alimento para perro (croquetas Sportsman's Choice), no alcohol Dibar",2026-09-29
7501868920156,MLM54445970,Difamhed Difenhidramina 10mg/ml Sol Inyec. 10ml Farmadextrum,otro_producto,"El catálogo es Difamhed difenhidramina inyectable, no gel antibacterial Dibar",2026-09-29
7791293025810,MLM29490024,Foco Iuminarias Roro Led Solar Sensor Luces Focos Solares 100 Led Recargables,otro_producto,"El catálogo es una lámpara solar LED, no desodorante Axe",2026-09-29
7509546694702,MLM77099168,Control Inalambrico Ps5 Pc Hall Sensor Rgb Touchpad Vibra Negro,otro_producto,"El catálogo es un control de videojuego, no desodorante Stefano",2026-09-29
7501026423109,MLM38061127,Equipo Médico Mi Alegría Set De Juego Color Set Toy Town,otro_producto,"El catálogo es un set de juguete (Mi Alegría), no el calentador de biberones Ternura",2026-09-29
7501017376995,MLM26127837,Pañal Kbb Absorsec Chico Unisex 40 Pzs Género Sin género Talla Pequeño (P),otro_producto,"El catálogo es KleenBebé Absorsec Chico 40 piezas, no Suavelastic Etapa 4 Grande 14 piezas",2026-09-29
7501033958717,MLM38379743,Ensure Advance Sabor Vainilla Caja De 16 Botellas 237,otra_presentacion,El catálogo es la caja de 16 botellas; el producto es 1 botella de 237 ml,2026-09-29
4015630067084,MLM24516212,Tiras Reactivas Accu-Chek Instant 50 Unidades con 100 Lancetas Color Blanco,otra_presentacion,El catálogo es un kit de 50 tiras con 100 lancetas; el producto son 50 tiras,2026-09-29
7501868901124,MLM41483348,Alcohol Desnaturalizado 71.5 500 Ml Fragancia Neutra,otra_presentacion,El catálogo es 1 botella de 500 ml; el producto es la caja con 24 piezas,2026-09-29
7501072600172,MLM21809505,Clinic Cepillos dentales 38 medio pack,otra_presentacion,El catálogo es un paquete de 3 cepillos; el producto es la caja con 12 piezas,2026-09-29
7501868900721,MLM61968330,Gasa Esteril Dibar Monarca 10 Unidades - 1 Pack Blanco,otra_presentacion,El catálogo es un paquete de 10 gasas; el producto son 100 piezas,2026-09-29
7501299302668,MLM39455603,"Inhibitron Cápsulas 20 Mg, 28 Cápsulas",otra_presentacion,El catálogo es de 28 cápsulas; el producto es de 14 cápsulas,2026-09-29
