gtin,peso_real_kg,peso_volumetrico_kg,peso_cobrable_kg,tamano,costo_envio,base
008400000460,0.06,0.0,0.06,chico,75,Contenido 10 ml
008400003218,0.06,0.0,0.06,chico,75,Contenido 5 ml
008400004574,0.06,0.0,0.06,chico,75,Contenido 10 ml
008400009418,0.12,0.19,0.19,chico,75,Caja con 30 tabletas
013117019971,1.5,3.2,3.2,grande,125,Pañales: 40 piezas (bulto voluminoso)
020800753050,0.33,0.08,0.33,chico,75,Contenido 236 ml
020800753067,0.19,0.04,0.19,chico,75,Contenido 118 ml
020800756440,0.19,0.04,0.19,chico,75,Contenido 118 ml
020800790222,0.29,0.07,0.29,chico,75,Contenido 210 g
020800790246,0.63,0.16,0.63,mediano,90,Contenido 504 g
020800790253,0.25,0.05,0.25,chico,75,Contenido 174 g
036000180800,0.14,0.22,0.22,chico,75,11 piezas
036000456103,0.14,0.22,0.22,chico,75,11 piezas
037836012334,0.1,0.01,0.1,chico,75,Contenido 45 g
037836012341,0.18,0.03,0.18,chico,75,Contenido 110 g
037836050282,0.59,0.15,0.59,mediano,90,Contenido 450 ml
037836089190,1.02,0.26,1.02,mediano,105,Contenido 800 ml
041333404486,0.12,0.18,0.18,chico,75,5 piezas
041333760643,0.12,0.18,0.18,chico,75,5 piezas
041388284316,0.06,0.0,0.06,chico,75,Contenido 9.7 ml
070330717541,0.15,0.22,0.22,chico,75,12 piezas
070330731813,0.15,0.22,0.22,chico,75,12 piezas
070942125352,0.12,0.19,0.19,chico,75,6 piezas
070942302289,0.41,0.1,0.41,chico,75,Contenido 300 ml
070942303194,0.08,0.05,0.08,chico,75,Rollo o carrete
070942507240,0.4,0.4,0.4,chico,75,Sin datos de contenido: peso supuesto de 400 g
073796712105,0.5,0.5,0.5,chico,75,Aparato o accesorio: peso supuesto de 500 g
093815996491,0.18,0.27,0.27,chico,75,Caja con 50 tiras
1306881052183,0.1,0.15,0.15,chico,75,Caja con 12 tabletas
1306881052206,0.11,0.17,0.17,chico,75,Caja con 20 tabletas
1306881052244,0.1,0.15,0.15,chico,75,Caja con 12 tabletas
1306881052251,0.12,0.17,0.17,chico,75,Caja con 3 ampolletas
1306881054163,0.1,0.16,0.16,chico,75,1 piezas
1306881054170,0.1,0.16,0.16,chico,75,Caja con 2 ampolletas
1306881054187,0.06,0.0,0.06,chico,75,Contenido 10 ml
1306881057034,0.12,0.19,0.19,chico,75,Caja con 30 grageas
1306881057065,0.22,0.33,0.33,chico,75,30 piezas
17501073025391,0.85,1.28,1.28,mediano,105,Jeringas: 100 piezas
17501073025414,0.85,1.28,1.28,mediano,105,Jeringas: 100 piezas
17501073025605,0.85,1.28,1.28,mediano,105,Jeringas: 100 piezas
17502224240656,0.5,0.75,0.75,mediano,90,100 piezas
20041333666420,0.12,0.19,0.19,chico,75,6 piezas
300090050139,0.1,0.14,0.14,chico,75,Caja con 10 tabletas
300090275051,0.05,0.0,0.05,chico,75,Contenido 1 ml
300090556365,0.12,0.19,0.19,chico,75,6 piezas
300650481779,0.06,0.0,0.06,chico,75,Contenido 10 ml
300651431681,0.06,0.0,0.06,chico,75,Contenido 10 ml
300651510577,0.06,0.0,0.06,chico,75,Contenido 10 ml
312547321815,0.65,0.16,0.65,mediano,90,Contenido 500 ml
353885771504,0.18,0.27,0.27,chico,75,Caja con 50 tiras
354312225010,0.08,0.01,0.08,chico,75,Contenido 25 g
354312225027,0.11,0.02,0.11,chico,75,Contenido 50 g
354312225133,0.08,0.01,0.08,chico,75,Contenido 28 g
354312225164,0.11,0.02,0.11,chico,75,Contenido 50 g
354312625018,0.1,0.01,0.1,chico,75,Contenido 45 g
3573994008590,0.12,0.19,0.19,chico,75,Caja con 30 capsulas
3592619321609,0.62,0.16,0.62,mediano,90,Contenido 500 g
3594450170064,0.26,0.39,0.39,chico,75,Caja con 30 sobres
3594450170071,0.26,0.39,0.39,chico,75,Caja con 30 sobres
3594455600153,0.12,0.19,0.19,chico,75,Caja con 30 tabletas
3662042003059,0.06,0.0,0.06,chico,75,Contenido 10 ml
3662042003240,0.06,0.0,0.06,chico,75,Contenido 10 ml
3662042004100,0.06,0.0,0.06,chico,75,Contenido 5 ml
3664798025705,0.15,0.15,0.15,chico,75,Medicamento o prueba en caja: peso supuesto de 150 g
3664798062229,0.12,0.19,0.19,chico,75,Caja con 30 tabletas
3664798064704,0.17,0.03,0.17,chico,75,Contenido 100 ml
3664798067101,0.2,0.3,0.3,chico,75,Caja con 10 ampolletas
3664798073256,0.11,0.16,0.16,chico,75,Caja con 18 pastillas
3664798074680,0.2,0.3,0.3,chico,75,Caja con 10 ampolletas
37501023108819,0.08,0.05,0.08,chico,75,Rollo o carrete
37501023108857,0.15,0.22,0.22,chico,75,12 piezas
37501023108888,0.08,0.05,0.08,chico,75,Rollo o carrete
37501023108895,0.08,0.05,0.08,chico,75,Rollo o carrete
383017491338,0.13,0.2,0.2,chico,75,Jeringas: 10 piezas
383017678531,0.29,0.43,0.43,chico,75,Jeringas: 30 piezas
383017678630,0.29,0.43,0.43,chico,75,Jeringas: 30 piezas
4001895928765,0.3,0.45,0.45,chico,75,50 piezas
4015630006779,0.28,0.42,0.42,chico,75,Caja con 200 lancetas
4015630064076,0.18,0.27,0.27,chico,75,Caja con 50 tiras
4015630067084,0.18,0.27,0.27,chico,75,Caja con 50 tiras
4015630082988,0.5,0.5,0.5,chico,75,Aparato o accesorio: peso supuesto de 500 g
4015630981977,0.18,0.27,0.27,chico,75,Caja con 50 tiras
4015672111097,0.5,0.5,0.5,chico,75,Aparato o accesorio: peso supuesto de 500 g
4015672113985,0.5,0.5,0.5,chico,75,Aparato o accesorio: peso supuesto de 500 g
4046222301613,0.26,0.39,0.39,chico,75,Caja con 30 sobres
4104480412103,0.17,0.03,0.17,chico,75,Contenido 100 ml
4104480706196,0.29,0.07,0.29,chico,75,Contenido 200 ml
4607009581187,0.11,0.17,0.17,chico,75,Caja con 20 tabletas
5000174003963,0.1,0.01,0.1,chico,75,Contenido 40 ml
5000174305449,0.1,0.01,0.1,chico,75,Contenido 40 ml
5016003770609,0.18,0.27,0.27,chico,75,Caja con 50 tiras
5030243773237,0.4,0.4,0.4,chico,75,Sin datos de contenido: peso supuesto de 400 g
5033439034211,0.26,0.39,0.39,chico,75,Caja con 120 dosis
5391189310673,0.12,0.19,0.19,chico,75,Caja con 30 comprimidos
5415062119839,0.17,0.26,0.26,chico,75,Caja con 60 tabletas
5415062392317,0.06,0.0,0.06,chico,75,Contenido 10 g
57891463003039,0.85,1.28,1.28,mediano,105,Jeringas: 100 piezas
5997001328316,0.08,0.13,0.13,chico,75,Caja con 3 parches
650240001314,0.22,0.32,0.32,chico,75,Caja con 90 tabletas
650240005398,0.08,0.01,0.08,chico,75,Contenido 30 g
650240006647,0.09,0.01,0.09,chico,75,Contenido 35 g
650240007408,0.07,0.0,0.07,chico,75,Contenido 15 g
650240007651,0.12,0.17,0.17,chico,75,Caja con 24 tabletas
650240010538,0.1,0.14,0.14,chico,75,Caja con 10 tabletas
650240010712,0.2,0.04,0.2,chico,75,Contenido 125 ml
650240011153,0.07,0.01,0.07,chico,75,Contenido 20 g
650240013775,0.1,0.01,0.1,chico,75,Contenido 40 g
650240013805,0.1,0.14,0.14,chico,75,Caja con 10 tabletas
650240013928,0.51,0.12,0.51,mediano,90,Contenido 400 g
650240017094,0.1,0.15,0.15,chico,75,Caja con 12 capsulas
650240017100,0.12,0.17,0.17,chico,75,Caja con 24 tabletas
650240019999,0.08,0.13,0.13,chico,75,Caja con 3 ovulos
650240024931,0.14,0.21,0.21,chico,75,Caja con 40 tabletas
650240039706,0.36,0.09,0.36,chico,75,Contenido 130 ml × 2 piezas
650240052545,0.1,0.14,0.14,chico,75,Caja con 10 tabletas
650240053634,0.09,0.13,0.13,chico,75,Caja con 6 tabletas
650240065293,0.12,0.17,0.17,chico,75,Caja con 24 tabletas
6939663900072,0.5,0.5,0.5,chico,75,Aparato o accesorio: peso supuesto de 500 g
714706903182,0.8,0.6,0.8,mediano,90,Vitrolero de 100 piezas
714706907654,0.51,0.12,0.51,mediano,90,Contenido 33 g × 12 piezas
714706910487,0.1,0.16,0.16,chico,75,Caja con 16 pastillas
714706910890,0.1,0.16,0.16,chico,75,Caja con 16 pastillas
714706910913,0.1,0.16,0.16,chico,75,Caja con 16 pastillas
7350012552138,0.06,0.0,0.06,chico,75,Contenido 5 ml
736085048063,0.05,0.0,0.05,chico,75,Contenido 3.5 g
736085132069,0.07,0.0,0.07,chico,75,Contenido 15 ml
736085278507,0.07,0.0,0.07,chico,75,Contenido 15 ml
736085400489,0.06,0.0,0.06,chico,75,Contenido 5 ml
736085400519,0.06,0.0,0.06,chico,75,Contenido 5 ml
736085400830,0.06,0.0,0.06,chico,75,Contenido 5 ml
736085401226,0.06,0.0,0.06,chico,75,Contenido 5 ml
736085402346,0.05,0.0,0.05,chico,75,Contenido 3 ml
736085405422,0.07,0.0,0.07,chico,75,Contenido 15 ml
736085410600,0.06,0.0,0.06,chico,75,Contenido 5 ml
736085410808,0.06,0.0,0.06,chico,75,Contenido 10 ml
736085412734,0.05,0.0,0.05,chico,75,Contenido 3 ml
736085413359,0.06,0.0,0.06,chico,75,Contenido 10 ml
736085413601,0.06,0.0,0.06,chico,75,Contenido 5 ml
736085904727,0.06,0.0,0.06,chico,75,Contenido 5 ml
736085905373,0.06,0.0,0.06,chico,75,Contenido 5 ml
75001865,0.19,0.04,0.19,chico,75,Contenido 115 ml
75001872,0.11,0.02,0.11,chico,75,Contenido 52 ml
75002794,0.29,0.07,0.29,chico,75,Contenido 200 ml
7500435131834,0.1,0.15,0.15,chico,75,Caja con 12 tabletas
7500435141796,0.23,0.05,0.23,chico,75,Contenido 150 ml
7500435145497,0.12,0.19,0.19,chico,75,Caja con 30 capsulas
7500435155854,0.96,0.25,0.96,mediano,90,Contenido 750 ml
7500435162241,0.83,0.21,0.83,mediano,90,Contenido 650 ml
7500435168991,0.28,0.06,0.28,chico,75,Contenido 200 g
7500435169035,0.28,0.06,0.28,chico,75,Contenido 200 g
7500435171038,0.11,0.16,0.16,chico,75,2 piezas
7500435181402,0.14,0.21,0.21,chico,75,Caja con 40 tabletas
7500435230445,0.1,0.14,0.14,chico,75,Caja con 10 capsulas
7500435251099,0.1,0.14,0.14,chico,75,Caja con 10 tabletas
7500435252317,0.1,0.14,0.14,chico,75,Caja con 10 tabletas
7500435253536,0.13,0.2,0.2,chico,75,8 piezas
7500462746605,0.35,0.08,0.35,chico,75,Contenido 250 ml
7500462746612,0.35,0.08,0.35,chico,75,Contenido 250 ml
7500462746698,0.35,0.08,0.35,chico,75,Contenido 250 ml
75004996,0.09,0.01,0.09,chico,75,Contenido 30 ml
75005689,0.15,0.15,0.15,chico,75,Medicamento o prueba en caja: peso supuesto de 150 g
7501001100001,0.54,0.13,0.54,mediano,90,Contenido 425 g
7501001116187,0.19,0.04,0.19,chico,75,Contenido 120 ml
7501001168933,0.34,0.08,0.34,chico,75,Contenido 240 ml
7501001245214,0.12,0.02,0.12,chico,75,Contenido 5.8 g × 10 piezas
7501001246563,0.6,0.15,0.6,mediano,90,Contenido 12 g × 40 piezas
7501001246730,0.22,0.04,0.22,chico,75,Contenido 144 g
7501001248062,0.05,0.0,0.05,chico,75,Contenido 0.5 ml
7501001258023,0.15,0.15,0.15,chico,75,Medicamento o prueba en caja: peso supuesto de 150 g
7501001258030,0.12,0.17,0.17,chico,75,Caja con 24 tabletas
7501001353377,0.12,0.17,0.17,chico,75,Caja con 24 tabletas
7501006711387,0.11,0.16,0.16,chico,75,2 piezas
7501006842104,0.22,0.05,0.22,chico,75,Contenido 2.5 g × 60 piezas
7501007459332,0.05,0.0,0.05,chico,75,Contenido 0.5 ml
7501007528427,0.53,0.13,0.53,mediano,90,Contenido 400 ml
7501007532349,0.19,0.04,0.19,chico,75,Contenido 120 ml
7501007532363,0.12,0.17,0.17,chico,75,Caja con 24 tabletas
7501007532387,0.12,0.17,0.17,chico,75,4 piezas
7501007535432,0.1,0.14,0.14,chico,75,Caja con 10 tabletas
7501007535487,0.07,0.0,0.07,chico,75,Contenido 15 ml
7501007535852,0.12,0.19,0.19,chico,75,Caja con 30 tabletas
7501007535876,0.14,0.21,0.21,chico,75,Caja con 40 tabletas
7501008409503,0.1,0.14,0.14,chico,75,Caja con 10 tabletas
7501008409527,0.1,0.14,0.14,chico,75,Caja con 10 tabletas
7501008409534,0.23,0.34,0.34,chico,75,Caja con 100 comprimidos
7501008409572,0.1,0.14,0.14,chico,75,Caja con 10 comprimidos
7501008426944,0.1,0.01,0.1,chico,75,Contenido 40 g
7501008427330,0.16,0.03,0.16,chico,75,Contenido 100 g
7501008427347,0.08,0.01,0.08,chico,75,Contenido 30 g
7501008433515,0.23,0.34,0.34,chico,75,Caja con 100 tabletas
7501008433553,0.12,0.17,0.17,chico,75,Caja con 24 tabletas
7501008433676,0.14,0.21,0.21,chico,75,Caja con 40 tabletas
7501008443026,0.23,0.34,0.34,chico,75,Caja con 100 tabletas
7501008443033,0.1,0.15,0.15,chico,75,Caja con 12 tabletas
7501008485408,0.1,0.15,0.15,chico,75,Caja con 12 tabletas
7501008491966,0.14,0.21,0.21,chico,75,Caja con 40 tabletas
7501008493007,0.1,0.14,0.14,chico,75,Caja con 10 ovulos
7501008495339,0.17,0.26,0.26,chico,75,Caja con 60 tabletas
7501008496701,0.1,0.15,0.15,chico,75,Caja con 12 tabletas
7501008496725,0.17,0.26,0.26,chico,75,Caja con 60 tabletas
7501008497340,0.1,0.15,0.15,chico,75,Caja con 12 tabletas
7501008497593,0.1,0.14,0.14,chico,75,Caja con 10 tabletas
7501008497623,0.12,0.19,0.19,chico,75,Caja con 30 comprimidos
7501008498798,0.08,0.01,0.08,chico,75,Contenido 30 g
7501008498866,0.09,0.13,0.13,chico,75,Caja con 6 tabletas
7501008498880,0.12,0.19,0.19,chico,75,Caja con 30 tabletas
7501008499023,0.1,0.14,0.14,chico,75,Caja con 10 tabletas
7501008499177,0.12,0.18,0.18,chico,75,Caja con 28 capsulas
7501008499689,0.1,0.15,0.15,chico,75,Caja con 12 capsulas
7501008499702,0.1,0.15,0.15,chico,75,Caja con 12 capsulas
7501008499818,0.2,0.3,0.3,chico,75,Caja con 80 tabletas
7501008499979,0.1,0.15,0.15,chico,75,Caja con 12 tabletas
7501017361113,0.82,1.23,1.23,mediano,105,180 piezas
7501017366316,0.59,1.12,1.12,mediano,105,Pañales: 14 piezas (bulto voluminoso)
7501017372737,1.5,3.2,3.2,grande,125,Pañales: 40 piezas (bulto voluminoso)
7501017372751,1.5,3.2,3.2,grande,125,Pañales: 40 piezas (bulto voluminoso)
7501017372775,1.5,3.2,3.2,grande,125,Pañales: 40 piezas (bulto voluminoso)
7501017376971,0.59,1.12,1.12,mediano,105,Pañales: 14 piezas (bulto voluminoso)
7501017376995,0.59,1.12,1.12,mediano,105,Pañales: 14 piezas (bulto voluminoso)
7501019030048,0.14,0.21,0.21,chico,75,10 piezas
7501019032424,0.14,0.21,0.21,chico,75,10 piezas
7501019036422,0.14,0.21,0.21,chico,75,10 piezas
7501019040719,0.19,0.28,0.28,chico,75,22 piezas
7501019040887,0.3,0.45,0.45,chico,75,50 piezas
7501019051043,0.45,0.8,0.8,mediano,90,Pañales: 10 piezas (bulto voluminoso)
7501019051647,0.14,0.21,0.21,chico,75,10 piezas
7501019053283,0.13,0.2,0.2,chico,75,8 piezas
7501019064432,0.15,0.23,0.23,chico,75,13 piezas
7501019064449,0.56,1.04,1.04,mediano,105,Pañales: 13 piezas (bulto voluminoso)
7501019064517,0.14,0.21,0.21,chico,75,10 piezas
7501019064524,0.14,0.21,0.21,chico,75,10 piezas
7501019064753,0.16,0.23,0.23,chico,75,14 piezas
7501019064760,0.59,1.12,1.12,mediano,105,Pañales: 14 piezas (bulto voluminoso)
7501022101155,0.11,0.17,0.17,chico,75,Caja con 20 tabletas
7501022101681,0.11,0.17,0.17,chico,75,Caja con 20 tabletas
7501022103166,0.35,0.08,0.35,chico,75,Contenido 250 ml
7501022105207,0.22,0.05,0.22,chico,75,Contenido 150 g
7501022110348,0.12,0.19,0.19,chico,75,Caja con 30 capsulas
7501022112106,0.06,0.0,0.06,chico,75,Contenido 8 g
7501022140659,0.12,0.17,0.17,chico,75,4 piezas
7501022141571,0.4,0.4,0.4,chico,75,Sin datos de contenido: peso supuesto de 400 g
7501022182796,0.57,0.14,0.57,mediano,90,Contenido 150 g × 3 piezas
7501026423109,0.5,0.5,0.5,chico,75,Aparato o accesorio: peso supuesto de 500 g
7501027511218,0.5,0.5,0.5,chico,75,Aparato o accesorio: peso supuesto de 500 g
7501027512758,0.5,0.5,0.5,chico,75,Aparato o accesorio: peso supuesto de 500 g
7501027514103,0.5,0.5,0.5,chico,75,Aparato o accesorio: peso supuesto de 500 g
7501027515230,0.5,0.5,0.5,chico,75,Aparato o accesorio: peso supuesto de 500 g
7501027553683,0.11,0.16,0.16,chico,75,2 piezas
7501027554949,0.43,0.1,0.43,chico,75,Contenido 11 oz
7501027565518,0.29,0.44,0.44,chico,75,48 piezas
7501027565846,0.41,0.1,0.41,chico,75,Contenido 300 ml
7501027567062,0.22,0.33,0.33,chico,75,30 piezas
7501027800053,0.17,0.26,0.26,chico,75,Caja con 60 dosis
7501033923234,0.12,0.19,0.19,chico,75,Caja con 30 tabletas
7501033954061,0.34,0.08,0.34,chico,75,Contenido 237 ml
7501033954078,0.34,0.08,0.34,chico,75,Contenido 237 ml
7501033954085,0.34,0.08,0.34,chico,75,Contenido 237 ml
7501033954412,0.12,0.19,0.19,chico,75,Caja con 30 capsulas
7501033955969,0.14,0.21,0.21,chico,75,Caja con 40 tabletas
7501033956126,0.34,0.08,0.34,chico,75,Contenido 237 ml
7501033956133,0.34,0.08,0.34,chico,75,Contenido 237 ml
7501033956140,0.34,0.08,0.34,chico,75,Contenido 237 ml
7501033956294,0.34,0.08,0.34,chico,75,Contenido 237 ml
7501033956317,0.34,0.08,0.34,chico,75,Contenido 237 ml
7501033956331,0.34,0.08,0.34,chico,75,Contenido 237 ml
7501033957871,0.12,0.19,0.19,chico,75,Caja con 30 tabletas
7501033958717,0.34,0.08,0.34,chico,75,Contenido 237 ml
7501033960468,0.34,0.08,0.34,chico,75,Contenido 237 ml
7501033960499,0.34,0.08,0.34,chico,75,Contenido 237 ml
7501033961298,0.08,0.01,0.08,chico,75,Contenido 30 g
7501033962530,0.34,0.08,0.34,chico,75,Contenido 237 ml
7501034605115,0.12,0.19,0.19,chico,75,Caja con 30 tabletas
7501034625076,0.05,0.0,0.05,chico,75,Contenido 4 ml
7501034630124,0.17,0.26,0.26,chico,75,Caja con 60 tabletas
7501034664082,0.17,0.26,0.26,chico,75,Caja con 60 tabletas
7501034692184,0.12,0.19,0.19,chico,75,Caja con 30 tabletas
7501035906341,0.53,0.13,0.53,mediano,90,Contenido 400 ml
7501035907508,0.12,0.02,0.12,chico,75,Contenido 60 g
7501035908116,0.16,0.03,0.16,chico,75,Contenido 100 g
7501035908123,0.16,0.03,0.16,chico,75,Contenido 100 g
7501035908130,0.28,0.06,0.28,chico,75,Contenido 200 g
7501035908147,0.28,0.06,0.28,chico,75,Contenido 200 g
7501035908239,0.11,0.02,0.11,chico,75,Contenido 50 ml
7501035908246,0.17,0.03,0.17,chico,75,Contenido 100 ml
7501035908253,0.29,0.07,0.29,chico,75,Contenido 200 ml
7501035908307,0.41,0.1,0.41,chico,75,Contenido 300 ml
7501035909007,0.12,0.02,0.12,chico,75,Contenido 60 g
7501035909014,0.12,0.02,0.12,chico,75,Contenido 60 g
7501035911017,0.23,0.05,0.23,chico,75,Contenido 150 ml
7501035911024,0.2,0.04,0.2,chico,75,Contenido 125 ml
7501035911062,0.17,0.03,0.17,chico,75,Contenido 100 ml
7501035911376,0.23,0.05,0.23,chico,75,Contenido 150 ml
7501035911567,0.11,0.02,0.11,chico,75,Contenido 50 ml
7501035911796,0.29,0.07,0.29,chico,75,Contenido 200 ml
7501035919129,0.53,0.13,0.53,mediano,90,Contenido 400 ml
7501037905588,0.26,0.39,0.39,chico,75,Caja con 120 dosis
7501037907117,0.19,0.04,0.19,chico,75,Contenido 120 ml
7501037920147,0.12,0.18,0.18,chico,75,Caja con 28 tabletas
7501037925579,0.12,0.19,0.19,chico,75,Caja con 30 tabletas
7501037935189,0.17,0.26,0.26,chico,75,Caja con 60 tabletas
7501043162074,0.29,0.07,0.29,chico,75,Contenido 200 ml
7501048351077,1.26,0.33,1.26,mediano,105,Contenido 1 l
7501048623006,0.28,0.42,0.42,chico,75,Caja con 100 pads
7501048623068,0.5,0.75,0.75,mediano,90,100 piezas
7501049714604,0.12,0.18,0.18,chico,75,Caja con 28 tabletas
7501050600026,0.11,0.17,0.17,chico,75,Caja con 20 tabletas
7501050603997,0.08,0.01,0.08,chico,75,Contenido 30 g
7501050604000,0.07,0.0,0.07,chico,75,Contenido 15 g
7501050610018,0.1,0.14,0.14,chico,75,Caja con 10 tabletas
7501050610674,0.05,0.0,0.05,chico,75,Contenido 1 ml
7501050610704,0.06,0.09,0.09,chico,75,Jeringas: 1 piezas
7501050613453,0.07,0.01,0.07,chico,75,Contenido 20 ml
7501050623766,0.07,0.0,0.07,chico,75,Contenido 15 ml
7501050699990,0.12,0.02,0.12,chico,75,Contenido 60 ml
7501054500193,0.29,0.07,0.29,chico,75,Contenido 200 ml
7501054500254,0.65,0.16,0.65,mediano,90,Contenido 500 ml
7501054503095,0.17,0.03,0.17,chico,75,Contenido 100 ml
7501054504535,0.53,0.13,0.53,mediano,90,Contenido 400 ml
7501054549796,0.17,0.03,0.17,chico,75,Contenido 100 ml
7501054556862,0.65,0.16,0.65,mediano,90,Contenido 500 ml
7501054558675,0.34,0.08,0.34,chico,75,Contenido 20 ml × 12 piezas
7501054558965,0.59,0.15,0.59,mediano,90,Contenido 450 ml
7501056326173,0.51,0.12,0.51,mediano,90,Contenido 400 g
7501056330255,0.11,0.02,0.11,chico,75,Contenido 50 g
7501056330286,0.51,0.12,0.51,mediano,90,Contenido 400 g
7501056330316,0.28,0.06,0.28,chico,75,Contenido 200 g
7501056330378,0.29,0.07,0.29,chico,75,Contenido 200 ml
7501056330491,0.16,0.03,0.16,chico,75,Contenido 100 g
7501056330552,0.28,0.06,0.28,chico,75,Contenido 200 g
7501056330569,0.51,0.12,0.51,mediano,90,Contenido 400 g
7501056346058,0.16,0.03,0.16,chico,75,Contenido 100 g
7501056346065,0.28,0.06,0.28,chico,75,Contenido 200 g
7501056346270,0.29,0.07,0.29,chico,75,Contenido 200 ml
7501056360429,0.28,0.06,0.28,chico,75,Contenido 200 g
7501057002663,0.09,0.14,0.14,chico,75,Caja con 8 tabletas
7501057005312,0.27,0.06,0.27,chico,75,Contenido 180 ml
7501057005848,0.27,0.06,0.27,chico,75,Contenido 180 ml
7501057006371,0.65,0.16,0.65,mediano,90,Contenido 500 ml
7501058367129,0.11,0.17,0.17,chico,75,3 piezas
7501058368126,0.11,0.17,0.17,chico,75,3 piezas
7501058623188,0.51,0.12,0.51,mediano,90,Contenido 400 g
7501058623195,0.51,0.12,0.51,mediano,90,Contenido 400 g
7501058623201,0.51,0.12,0.51,mediano,90,Contenido 400 g
7501058623294,0.97,0.25,0.97,mediano,90,Contenido 800 g
7501058623300,0.97,0.25,0.97,mediano,90,Contenido 800 g
7501058623317,0.97,0.25,0.97,mediano,90,Contenido 800 g
7501058625281,0.12,0.19,0.19,chico,75,Caja con 30 tabletas
7501058714305,0.19,0.04,0.19,chico,75,Contenido 120 ml
7501058714312,0.09,0.01,0.09,chico,75,Contenido 30 ml
7501058715494,0.1,0.16,0.16,chico,75,Caja con 16 pastillas
7501058715517,0.12,0.17,0.17,chico,75,Caja con 24 pastillas
7501058715555,0.17,0.03,0.17,chico,75,Contenido 100 ml
7501058715685,0.13,0.2,0.2,chico,75,Caja con 36 tabletas
7501059225350,0.97,0.25,0.97,mediano,90,Contenido 800 g
7501064560163,0.12,0.02,0.12,chico,75,Contenido 60 g
7501065001337,0.12,0.19,0.19,chico,75,Caja con 30 tabletas
7501065001634,0.17,0.26,0.26,chico,75,Caja con 60 tabletas
7501065003973,0.17,0.26,0.26,chico,75,Caja con 60 tabletas
7501065004000,0.17,0.26,0.26,chico,75,Caja con 60 tabletas
7501065008336,0.08,0.01,0.08,chico,75,Contenido 30 g
7501065008459,0.14,0.21,0.21,chico,75,Caja con 10 sobres
7501065008473,0.14,0.21,0.21,chico,75,Caja con 10 sobres
7501065010438,0.14,0.21,0.21,chico,75,Caja con 10 sobres
7501065020970,0.09,0.13,0.13,chico,75,Caja con 5 supositorios
7501065026439,0.11,0.17,0.17,chico,75,Caja con 20 capsulas
7501065044822,0.12,0.19,0.19,chico,75,Caja con 30 tabletas
7501065054029,0.15,0.23,0.23,chico,75,Caja con 48 tabletas
7501065054043,0.12,0.17,0.17,chico,75,Caja con 24 tabletas
7501065060891,0.1,0.15,0.15,chico,75,Caja con 12 tabletas
7501065062529,0.12,0.17,0.17,chico,75,Caja con 24 tabletas
7501065064165,0.13,0.02,0.13,chico,75,Contenido 70 g
7501065085528,0.11,0.02,0.11,chico,75,Contenido 50 g
7501065095947,0.12,0.19,0.19,chico,75,Caja con 30 tabletas
7501065095978,0.12,0.19,0.19,chico,75,Caja con 30 tabletas
7501070600556,0.12,0.17,0.17,chico,75,Caja con 24 comprimidos
7501070600730,0.1,0.15,0.15,chico,75,Caja con 12 comprimidos
7501070612368,0.11,0.17,0.17,chico,75,Caja con 20 tabletas
7501070612436,0.12,0.19,0.19,chico,75,Caja con 30 tabletas
7501070612993,0.1,0.15,0.15,chico,75,Caja con 15 tabletas
7501070613044,0.08,0.01,0.08,chico,75,Contenido 25 g
7501070613440,0.1,0.15,0.15,chico,75,Caja con 12 capsulas
7501070613549,0.14,0.02,0.14,chico,75,Contenido 75 ml
7501070614461,0.14,0.02,0.14,chico,75,Contenido 75 ml
7501070615048,0.12,0.02,0.12,chico,75,Contenido 60 ml
7501070615123,0.11,0.17,0.17,chico,75,Caja con 20 tabletas
7501070615277,0.11,0.17,0.17,chico,75,Caja con 20 tabletas
7501070615321,0.12,0.19,0.19,chico,75,Caja con 30 tabletas
7501070615451,0.12,0.19,0.19,chico,75,Caja con 30 tabletas
7501070615529,0.17,0.26,0.26,chico,75,Caja con 60 tabletas
7501070618995,0.19,0.04,0.19,chico,75,Contenido 120 ml
7501070634810,0.1,0.15,0.15,chico,75,Caja con 12 capsulas
7501070635596,0.08,0.01,0.08,chico,75,Contenido 24 ml
7501070635664,0.12,0.18,0.18,chico,75,Caja con 25 tabletas
7501070635756,0.1,0.14,0.14,chico,75,Caja con 10 tabletas
7501070636531,0.12,0.19,0.19,chico,75,Caja con 30 tabletas
7501070900441,0.32,0.07,0.32,chico,75,Contenido 225 ml
7501070903053,0.09,0.01,0.09,chico,75,Contenido 30 ml
7501070903350,0.09,0.01,0.09,chico,75,Contenido 30 ml
7501070903411,0.06,0.09,0.09,chico,75,Jeringas: 1 piezas
7501070903473,0.32,0.07,0.32,chico,75,Contenido 220 ml
7501070903572,0.11,0.17,0.17,chico,75,Caja con 20 capsulas
7501070903619,0.16,0.03,0.16,chico,75,Contenido 90 ml
7501070903688,0.11,0.17,0.17,chico,75,Caja con 20 comprimidos
7501070903695,0.12,0.17,0.17,chico,75,Caja con 24 comprimidos
7501070903749,0.06,0.09,0.09,chico,75,Jeringas: 1 piezas
7501072300133,0.08,0.01,0.08,chico,75,Contenido 28 g
7501072300157,0.13,0.02,0.13,chico,75,Contenido 72 g
7501072340092,0.12,0.19,0.19,chico,75,Caja con 30 comprimidos
7501072600172,0.15,0.22,0.22,chico,75,12 piezas
7501072670007,0.12,0.19,0.19,chico,75,6 piezas
7501080111226,0.12,0.02,0.12,chico,75,Contenido 60 ml
7501080111325,0.12,0.02,0.12,chico,75,Contenido 60 ml
7501080111455,0.4,0.4,0.4,chico,75,Sin datos de contenido: peso supuesto de 400 g
7501080912076,0.17,0.03,0.17,chico,75,Contenido 100 ml
7501080912083,0.11,0.02,0.11,chico,75,Contenido 50 ml
7501080912274,0.11,0.02,0.11,chico,75,Contenido 50 ml
7501082212143,0.08,0.12,0.12,chico,75,Caja con 1 tableta
7501086301393,0.23,0.34,0.34,chico,75,Caja con 100 tabletas
7501086310401,0.29,0.07,0.29,chico,75,Contenido 200 ml
7501086310418,0.29,0.07,0.29,chico,75,Contenido 200 ml
7501086311057,0.12,0.19,0.19,chico,75,Caja con 30 tabletas
7501086453221,0.47,0.11,0.47,chico,75,Contenido 350 ml
7501086472048,0.1,0.16,0.16,chico,75,1 piezas
7501086494262,0.1,0.16,0.16,chico,75,1 piezas
7501086494286,0.1,0.16,0.16,chico,75,1 piezas
7501088504198,0.06,0.0,0.06,chico,75,Contenido 5 ml
7501088504365,0.14,0.21,0.21,chico,75,Caja con 40 capsulas
7501088504501,0.11,0.17,0.17,chico,75,Caja con 20 capsulas
7501088505003,0.05,0.0,0.05,chico,75,Contenido 2 ml
7501088505126,0.1,0.16,0.16,chico,75,Caja con 2 ampolletas
7501088505157,0.05,0.0,0.05,chico,75,Contenido 2 ml
7501088505355,0.06,0.0,0.06,chico,75,Contenido 5 ml
7501088505720,0.35,0.08,0.35,chico,75,Contenido 250 ml
7501088505829,0.19,0.04,0.19,chico,75,Contenido 120 ml
7501088505836,0.1,0.15,0.15,chico,75,Caja con 15 tabletas
7501088507854,0.1,0.15,0.15,chico,75,Caja con 14 capsulas
7501088507908,0.09,0.14,0.14,chico,75,Jeringas: 5 piezas
7501088507915,0.08,0.01,0.08,chico,75,Contenido 22.5 ml
7501088507922,0.08,0.13,0.13,chico,75,Caja con 3 tabletas
7501088508929,0.11,0.17,0.17,chico,75,Caja con 20 tabletas
7501088508998,0.11,0.17,0.17,chico,75,Caja con 20 tabletas
7501088509766,0.12,0.02,0.12,chico,75,Contenido 60 ml
7501088509773,0.12,0.17,0.17,chico,75,Caja con 24 capsulas
7501088509810,0.09,0.01,0.09,chico,75,Contenido 30 ml
7501088509902,0.1,0.15,0.15,chico,75,Caja con 12 capsulas
7501088509926,0.07,0.0,0.07,chico,75,Contenido 15 ml
7501088545658,0.12,0.19,0.19,chico,75,Caja con 30 capsulas
7501088559211,0.12,0.02,0.12,chico,75,Contenido 60 g
7501088575396,0.19,0.04,0.19,chico,75,Contenido 120 ml
7501088575495,0.1,0.15,0.15,chico,75,Caja con 15 tabletas
7501088575600,0.19,0.04,0.19,chico,75,Contenido 120 ml
7501088579615,0.1,0.16,0.16,chico,75,Caja con 16 capsulas
7501089800664,0.11,0.17,0.17,chico,75,Caja con 20 tabletas
7501089802071,0.11,0.17,0.17,chico,75,Caja con 20 tabletas
7501089803177,0.15,0.23,0.23,chico,75,Caja con 50 comprimidos
7501089804013,0.1,0.01,0.1,chico,75,Contenido 40 g
7501089804082,0.19,0.04,0.19,chico,75,Contenido 12 g × 10 piezas
7501089804099,0.13,0.2,0.2,chico,75,Caja con 36 tabletas
7501089804310,0.1,0.01,0.1,chico,75,Contenido 40 g
7501089804327,0.1,0.01,0.1,chico,75,Contenido 40 g
7501089808936,0.13,0.02,0.13,chico,75,Contenido 7 ml × 10 piezas
7501089808943,0.28,0.42,0.42,chico,75,Caja con 10 frascos
7501089809315,0.19,0.04,0.19,chico,75,Contenido 120 ml
7501089809445,0.11,0.17,0.17,chico,75,Caja con 20 capsulas
7501089809452,0.27,0.06,0.27,chico,75,Contenido 180 ml
7501089809957,0.11,0.17,0.17,chico,75,Caja con 20 tabletas
7501089810021,0.12,0.02,0.12,chico,75,Contenido 60 ml
7501089810038,0.19,0.04,0.19,chico,75,Contenido 120 ml
7501092722373,0.12,0.19,0.19,chico,75,Caja con 30 tabletas
7501092743033,0.12,0.19,0.19,chico,75,Caja con 30 tabletas
7501092793038,0.35,0.08,0.35,chico,75,Contenido 250 ml
7501092793045,0.2,0.3,0.3,chico,75,Caja con 20 sobres
7501092793052,0.14,0.21,0.21,chico,75,Caja con 10 sobres
7501094916985,0.12,0.19,0.19,chico,75,Caja con 30 comprimidos
7501094917012,0.17,0.26,0.26,chico,75,Caja con 60 comprimidos
7501095409004,0.12,0.17,0.17,chico,75,Caja con 24 pastillas
7501095409059,0.12,0.17,0.17,chico,75,Caja con 24 pastillas
7501095451096,0.14,0.21,0.21,chico,75,Caja con 10 sobres
7501095452116,0.1,0.14,0.14,chico,75,Caja con 10 tabletas
7501095452147,0.11,0.17,0.17,chico,75,Caja con 20 tabletas
7501095452505,0.12,0.17,0.17,chico,75,Caja con 24 tabletas
7501095467264,0.34,0.08,0.34,chico,75,Contenido 5 g × 50 piezas
7501098606127,0.26,0.39,0.39,chico,75,Caja con 120 dosis
7501098610025,0.12,0.18,0.18,chico,75,Caja con 28 tabletas
7501098610032,0.12,0.18,0.18,chico,75,Caja con 28 tabletas
7501098611329,0.1,0.15,0.15,chico,75,Caja con 14 tabletas
7501098633260,0.12,0.18,0.18,chico,75,Caja con 28 tabletas
7501100088095,0.11,0.17,0.17,chico,75,Caja con 20 tabletas
7501100088170,0.19,0.04,0.19,chico,75,Contenido 120 ml
7501100088217,0.07,0.0,0.07,chico,75,Contenido 15 ml
7501100089016,0.11,0.17,0.17,chico,75,Caja con 20 tabletas
7501101623769,0.06,0.09,0.09,chico,75,Jeringas: 1 piezas
7501101624636,0.06,0.0,0.06,chico,75,Contenido 2 ml × 3 piezas
7501101627224,0.12,0.19,0.19,chico,75,Caja con 30 capsulas
7501101627507,0.12,0.17,0.17,chico,75,Caja con 24 capsulas
7501108767947,0.11,0.17,0.17,chico,75,Caja con 20 capsulas
7501109760039,0.1,0.16,0.16,chico,75,1 piezas
7501109760886,0.1,0.16,0.16,chico,75,1 piezas
7501109902637,0.07,0.0,0.07,chico,75,Contenido 15 ml
7501109902866,0.19,0.04,0.19,chico,75,Contenido 120 ml
7501122960317,0.08,0.01,0.08,chico,75,Contenido 30 g
7501122963028,0.15,0.23,0.23,chico,75,Caja con 50 tabletas
7501122963707,0.11,0.17,0.17,chico,75,Caja con 20 capsulas
7501123002085,0.12,0.19,0.19,chico,75,Caja con 30 capsulas
7501123011209,0.11,0.17,0.17,chico,75,Caja con 20 tabletas
7501123011704,0.08,0.01,0.08,chico,75,Contenido 30 g
7501123011711,0.14,0.21,0.21,chico,75,Caja con 10 sobres
7501123011803,0.09,0.13,0.13,chico,75,Caja con 6 ovulos
7501123013302,0.09,0.14,0.14,chico,75,Jeringas: 5 piezas
7501123013340,0.12,0.19,0.19,chico,75,Caja con 30 capsulas
7501123014101,0.11,0.17,0.17,chico,75,Caja con 20 tabletas
7501123014705,0.08,0.01,0.08,chico,75,Contenido 30 g
7501123018031,0.48,0.12,0.48,chico,75,Contenido 360 ml
7501124100704,0.11,0.17,0.17,chico,75,Caja con 20 comprimidos
7501124103217,0.17,0.03,0.17,chico,75,Contenido 100 ml
7501124103248,0.27,0.06,0.27,chico,75,Contenido 180 ml
7501124103279,0.11,0.17,0.17,chico,75,Caja con 20 comprimidos
7501124103323,0.06,0.09,0.09,chico,75,Jeringas: 1 piezas
7501124182878,0.12,0.17,0.17,chico,75,Caja con 24 comprimidos
7501124184018,0.1,0.16,0.16,chico,75,Caja con 16 capsulas
7501124184780,0.1,0.14,0.14,chico,75,Caja con 10 tabletas
7501124184797,0.12,0.19,0.19,chico,75,Caja con 30 tabletas
7501124186203,0.1,0.15,0.15,chico,75,Caja con 12 comprimidos
7501124815851,0.12,0.18,0.18,chico,75,Caja con 28 comprimidos
7501124819200,0.12,0.19,0.19,chico,75,Caja con 30 comprimidos
7501124819224,0.17,0.26,0.26,chico,75,Caja con 60 comprimidos
7501124820640,0.05,0.0,0.05,chico,75,Contenido 2.5 ml
7501124820817,0.05,0.0,0.05,chico,75,Contenido 2.5 ml
7501125100116,0.35,0.08,0.35,chico,75,Contenido 250 ml
7501125100123,0.65,0.16,0.65,mediano,90,Contenido 500 ml
7501125100130,1.26,0.33,1.26,mediano,105,Contenido 1000 ml
7501125101069,0.12,0.19,0.19,chico,75,Caja con 30 tabletas
7501125104268,0.8,0.2,0.8,mediano,90,Contenido 625 ml
7501125104343,0.8,0.2,0.8,mediano,90,Contenido 625 ml
7501125104411,0.8,0.2,0.8,mediano,90,Contenido 625 ml
7501125105135,0.05,0.0,0.05,chico,75,Contenido 2 ml
7501125106231,0.05,0.0,0.05,chico,75,Contenido 1 g
7501125109485,0.14,0.02,0.14,chico,75,Contenido 75 ml
7501125109928,0.06,0.0,0.06,chico,75,Contenido 10 ml
7501125112881,0.11,0.02,0.11,chico,75,Contenido 50 ml
7501125114717,0.12,0.19,0.19,chico,75,Caja con 30 tabletas
7501125115479,0.17,0.03,0.17,chico,75,Contenido 100 ml
7501125116810,0.1,0.14,0.14,chico,75,Caja con 10 tabletas
7501125118289,0.09,0.14,0.14,chico,75,Caja con 7 tabletas
7501125118296,0.09,0.14,0.14,chico,75,Caja con 7 tabletas
7501125124075,0.1,0.15,0.15,chico,75,Caja con 14 tabletas
7501125126031,0.11,0.17,0.17,chico,75,Caja con 20 capsulas
7501125139543,0.07,0.11,0.11,chico,75,Jeringas: 3 piezas
7501125140723,0.17,0.03,0.17,chico,75,Contenido 100 ml
7501125144851,0.8,0.2,0.8,mediano,90,Contenido 625 ml
7501125149221,0.8,0.2,0.8,mediano,90,Contenido 625 ml
7501125155758,0.06,0.0,0.06,chico,75,Contenido 5 ml
7501125174797,0.8,0.2,0.8,mediano,90,Contenido 625 ml
7501125175596,0.13,0.02,0.13,chico,75,Contenido 70 ml
7501125175626,0.1,0.15,0.15,chico,75,Caja con 14 tabletas
7501152111307,0.4,0.4,0.4,chico,75,Sin datos de contenido: peso supuesto de 400 g
7501159526029,0.2,0.3,0.3,chico,75,Caja con 10 ampolletas
7501159551014,0.09,0.01,0.09,chico,75,Contenido 3 ml × 10 piezas
7501159580014,0.15,0.23,0.23,chico,75,Caja con 48 comprimidos
7501159580021,0.12,0.02,0.12,chico,75,Contenido 3 ml × 20 piezas
7501159580182,0.2,0.3,0.3,chico,75,Caja con 10 ampolletas
7501165000230,0.1,0.14,0.14,chico,75,Caja con 10 tabletas
7501165000315,0.17,0.03,0.17,chico,75,Contenido 100 ml
7501165001725,0.1,0.14,0.14,chico,75,Caja con 10 tabletas
7501165003040,0.07,0.0,0.07,chico,75,Contenido 3 ml × 5 piezas
7501165005624,0.12,0.17,0.17,chico,75,Caja con 3 ampolletas
7501165006171,0.23,0.05,0.23,chico,75,Contenido 150 ml
7501165007833,0.12,0.18,0.18,chico,75,Caja con 28 tabletas
7501165010673,0.22,0.05,0.22,chico,75,Contenido 140 ml
7501165010727,0.22,0.05,0.22,chico,75,Contenido 140 ml
7501165010789,0.09,0.01,0.09,chico,75,Contenido 30 ml
7501165010826,0.2,0.3,0.3,chico,75,Caja con 10 ampolletas
7501165011601,0.13,0.2,0.2,chico,75,Caja con 36 tabletas
7501165011632,0.11,0.17,0.17,chico,75,Caja con 20 tabletas
7501165011649,0.12,0.17,0.17,chico,75,Caja con 24 tabletas
7501165011656,0.1,0.14,0.14,chico,75,Caja con 10 tabletas
7501165011694,0.19,0.04,0.19,chico,75,Contenido 120 ml
7501168810508,0.15,0.23,0.23,chico,75,Caja con 50 capsulas
7501168810713,0.14,0.21,0.21,chico,75,Caja con 40 tabletas
7501201400567,0.06,0.0,0.06,chico,75,Contenido 10 ml
7501201400581,0.06,0.0,0.06,chico,75,Contenido 5 ml
7501201400680,0.06,0.0,0.06,chico,75,Contenido 5 ml
7501201401458,0.06,0.0,0.06,chico,75,Contenido 10 ml
7501201490797,0.07,0.0,0.07,chico,75,Contenido 15 ml
7501249602022,0.12,0.19,0.19,chico,75,Caja con 30 capsulas
7501249605634,0.08,0.12,0.12,chico,75,Caja con 2 comprimidos
7501249606778,0.08,0.12,0.12,chico,75,Caja con 1 comprimido
7501250838939,0.12,0.19,0.19,chico,75,Caja con 30 tabletas
7501258205221,0.12,0.18,0.18,chico,75,Caja con 28 tabletas
7501258215046,0.12,0.18,0.18,chico,75,Caja con 28 tabletas
7501258215053,0.12,0.19,0.19,chico,75,Caja con 30 capsulas
7501258215954,0.11,0.17,0.17,chico,75,Caja con 20 tabletas efervescentes
7501273500134,0.32,0.07,0.32,chico,75,Contenido 225 ml
7501273500233,0.32,0.07,0.32,chico,75,Contenido 225 ml
7501287621009,0.12,0.19,0.19,chico,75,Caja con 30 tabletas
7501287621504,0.12,0.19,0.19,chico,75,Caja con 30 tabletas
7501287627957,0.1,0.16,0.16,chico,75,Caja con 16 capsulas
7501287630506,0.2,0.29,0.29,chico,75,24 piezas
7501287630926,0.1,0.16,0.16,chico,75,Caja con 16 capsulas
7501287631206,0.1,0.14,0.14,chico,75,Caja con 10 capsulas
7501287678034,0.12,0.18,0.18,chico,75,Caja con 25 tabletas
7501289511414,0.12,0.02,0.12,chico,75,Contenido 60 g
7501289511421,0.08,0.01,0.08,chico,75,Contenido 30 g
7501289511469,0.18,0.03,0.18,chico,75,Contenido 110 g
7501289514460,0.1,0.01,0.1,chico,75,Contenido 40 g
7501293200946,0.22,0.33,0.33,chico,75,Caja con 7 carteras
7501293201936,0.17,0.26,0.26,chico,75,Caja con 60 tabletas
7501298204970,0.12,0.19,0.19,chico,75,Caja con 30 tabletas
7501298204987,0.12,0.19,0.19,chico,75,Caja con 30 tabletas
7501298205038,0.12,0.19,0.19,chico,75,Caja con 30 tabletas
7501298206455,0.12,0.19,0.19,chico,75,Caja con 30 tabletas
7501298213040,0.12,0.19,0.19,chico,75,Caja con 30 tabletas
7501298213569,0.12,0.19,0.19,chico,75,Caja con 30 tabletas
7501298214207,0.17,0.26,0.26,chico,75,Caja con 60 tabletas
7501298214375,0.09,0.13,0.13,chico,75,Caja con 6 capsulas
7501298214429,0.15,0.23,0.23,chico,75,Caja con 50 tabletas
7501298214986,0.1,0.14,0.14,chico,75,Caja con 10 tabletas
7501298215099,0.12,0.17,0.17,chico,75,Caja con 24 tabletas
7501298215907,0.12,0.19,0.19,chico,75,Caja con 30 tabletas
7501298217130,0.12,0.19,0.19,chico,75,Caja con 30 tabletas
7501298217611,0.09,0.14,0.14,chico,75,Jeringas: 5 piezas
7501298217635,0.06,0.09,0.09,chico,75,Jeringas: 1 piezas
7501298217659,0.07,0.11,0.11,chico,75,Jeringas: 3 piezas
7501298217673,0.06,0.09,0.09,chico,75,Jeringas: 1 piezas
7501298217703,0.07,0.11,0.11,chico,75,Jeringas: 3 piezas
7501298219509,0.17,0.26,0.26,chico,75,Caja con 60 tabletas
7501298219608,0.12,0.19,0.19,chico,75,Caja con 30 tabletas
7501298219981,0.1,0.15,0.15,chico,75,Caja con 12 capsulas
7501298221397,0.12,0.19,0.19,chico,75,Caja con 30 tabletas
7501298221403,0.12,0.19,0.19,chico,75,Caja con 30 tabletas
7501298221823,0.07,0.11,0.11,chico,75,Jeringas: 3 piezas
7501298223704,0.11,0.17,0.17,chico,75,Caja con 20 tabletas
7501298223711,0.1,0.14,0.14,chico,75,Caja con 10 tabletas
7501298223728,0.09,0.13,0.13,chico,75,Caja con 5 tabletas
7501298223773,0.07,0.01,0.07,chico,75,Contenido 20 ml
7501298224169,0.12,0.19,0.19,chico,75,Caja con 30 capsulas
7501298224176,0.17,0.26,0.26,chico,75,Caja con 60 capsulas
7501298234601,0.15,0.23,0.23,chico,75,Caja con 50 tabletas
7501298234700,0.15,0.23,0.23,chico,75,Caja con 50 tabletas
7501298234809,0.15,0.23,0.23,chico,75,Caja con 50 tabletas
7501298234908,0.15,0.23,0.23,chico,75,Caja con 50 tabletas
7501298244808,0.17,0.26,0.26,chico,75,Caja con 60 tabletas
7501298244907,0.17,0.26,0.26,chico,75,Caja con 60 tabletas
7501298265100,0.17,0.26,0.26,chico,75,Caja con 60 tabletas
7501298269009,0.15,0.23,0.23,chico,75,Caja con 50 tabletas
7501298281209,0.11,0.17,0.17,chico,75,Caja con 20 tabletas
7501298281407,0.38,0.57,0.57,mediano,90,Caja con 200 tabletas
7501299300251,0.12,0.19,0.19,chico,75,Caja con 30 tabletas
7501299300275,0.12,0.19,0.19,chico,75,Caja con 30 capsulas
7501299300367,0.1,0.14,0.14,chico,75,Caja con 10 tabletas
7501299300763,0.1,0.15,0.15,chico,75,Caja con 14 tabletas
7501299300794,0.13,0.2,0.2,chico,75,Caja con 35 tabletas
7501299300909,0.1,0.16,0.16,chico,75,Caja con 16 tabletas
7501299301128,0.19,0.04,0.19,chico,75,Contenido 120 ml
7501299301999,0.19,0.04,0.19,chico,75,Contenido 120 ml
7501299302668,0.1,0.15,0.15,chico,75,Caja con 14 capsulas
7501299302866,0.19,0.04,0.19,chico,75,Contenido 120 ml
7501299303047,0.05,0.0,0.05,chico,75,Contenido 2 g
7501299303085,0.05,0.0,0.05,chico,75,Contenido 2 g
7501299305386,0.12,0.19,0.19,chico,75,Caja con 30 tabletas
7501299305751,0.12,0.19,0.19,chico,75,Caja con 30 capsulas
7501299306130,0.09,0.13,0.13,chico,75,Caja con 4 tabletas
7501299306352,0.1,0.14,0.14,chico,75,Caja con 10 tabletas
7501299306765,0.08,0.13,0.13,chico,75,Caja con 3 tabletas
7501299306840,0.07,0.0,0.07,chico,75,Contenido 15 ml
7501299307144,0.12,0.19,0.19,chico,75,Caja con 30 tabletas
7501299307236,0.1,0.15,0.15,chico,75,Caja con 12 tabletas
7501299307380,0.09,0.13,0.13,chico,75,Caja con 6 tabletas
7501299307526,0.12,0.19,0.19,chico,75,Caja con 30 tabletas
7501299307595,0.06,0.0,0.06,chico,75,Contenido 5 g
7501299307687,0.09,0.14,0.14,chico,75,Caja con 7 tabletas
7501299307694,0.1,0.14,0.14,chico,75,Caja con 10 capsulas
7501299308073,0.11,0.17,0.17,chico,75,Caja con 20 tabletas
7501299308806,0.11,0.17,0.17,chico,75,Caja con 20 tabletas
7501299309339,0.12,0.19,0.19,chico,75,Caja con 30 capsulas
7501299310489,0.12,0.19,0.19,chico,75,Caja con 30 capsulas
7501299330166,0.12,0.18,0.18,chico,75,Caja con 28 tabletas
7501299330319,0.08,0.12,0.12,chico,75,Caja con 1 tableta
7501299330371,0.09,0.14,0.14,chico,75,Caja con 7 tabletas
7501299335017,0.05,0.0,0.05,chico,75,Contenido 3 g
7501299338018,0.11,0.02,0.11,chico,75,Contenido 50 ml
7501300407023,0.09,0.13,0.13,chico,75,Caja con 4 tabletas
7501300407047,0.1,0.15,0.15,chico,75,Caja con 15 tabletas
7501300407054,0.09,0.13,0.13,chico,75,Caja con 5 supositorios
7501300407061,0.17,0.03,0.17,chico,75,Contenido 100 ml
7501300407160,0.1,0.15,0.15,chico,75,Caja con 14 tabletas
7501300407283,0.11,0.02,0.11,chico,75,Contenido 50 ml
7501300407290,0.11,0.02,0.11,chico,75,Contenido 50 ml
7501300408099,0.17,0.26,0.26,chico,75,Caja con 60 tabletas
7501300408136,0.1,0.15,0.15,chico,75,Caja con 14 comprimidos
7501300408204,0.11,0.17,0.17,chico,75,Caja con 20 comprimidos
7501300408228,0.15,0.03,0.15,chico,75,Contenido 85 g
7501300408358,0.17,0.26,0.26,chico,75,Caja con 60 tabletas
7501300408402,0.1,0.15,0.15,chico,75,Caja con 12 comprimidos
7501300408556,0.18,0.27,0.27,chico,75,20 piezas
7501300408754,0.09,0.13,0.13,chico,75,Caja con 6 tabletas
7501300408976,0.17,0.26,0.26,chico,75,Caja con 60 tabletas
7501300409584,0.23,0.05,0.23,chico,75,Contenido 150 ml
7501300409669,0.08,0.12,0.12,chico,75,Caja con 1 frasco ampula
7501300420220,0.1,0.15,0.15,chico,75,Caja con 14 tabletas
7501300420541,0.12,0.17,0.17,chico,75,Caja con 24 capsulas
7501300420916,0.1,0.16,0.16,chico,75,Caja con 16 capsulas
7501300421524,0.1,0.14,0.14,chico,75,Caja con 10 capsulas
7501300421531,0.11,0.17,0.17,chico,75,Caja con 20 capsulas
7501300421555,0.19,0.04,0.19,chico,75,Contenido 120 ml
7501300421821,0.12,0.19,0.19,chico,75,Caja con 30 capsulas
7501300422750,0.11,0.17,0.17,chico,75,Caja con 20 comprimidos
7501300450203,0.12,0.19,0.19,chico,75,Caja con 30 tabletas
7501300450210,0.1,0.15,0.15,chico,75,Caja con 15 tabletas
7501300450227,0.17,0.03,0.17,chico,75,Contenido 100 ml
7501303451559,0.12,0.18,0.18,chico,75,Caja con 28 comprimidos
7501303457513,0.12,0.18,0.18,chico,75,Caja con 28 comprimidos
7501303458503,0.05,0.0,0.05,chico,75,Contenido 1 ml
7501314701223,0.12,0.19,0.19,chico,75,Caja con 30 tabletas
7501314701285,0.1,0.14,0.14,chico,75,Caja con 10 capsulas
7501314701322,0.09,0.13,0.13,chico,75,Caja con 6 capsulas
7501314701353,0.11,0.02,0.11,chico,75,Contenido 50 ml
7501314701360,0.17,0.03,0.17,chico,75,Contenido 100 ml
7501314701414,0.07,0.0,0.07,chico,75,Contenido 15 g
7501314701513,0.07,0.0,0.07,chico,75,Contenido 15 g
7501314701612,0.09,0.14,0.14,chico,75,Caja con 7 tabletas
7501314701650,0.09,0.14,0.14,chico,75,Caja con 7 tabletas
7501314701698,0.12,0.17,0.17,chico,75,Caja con 24 capsulas
7501314701704,0.19,0.04,0.19,chico,75,Contenido 120 ml
7501314701711,0.1,0.16,0.16,chico,75,1 piezas
7501314701742,0.12,0.02,0.12,chico,75,Contenido 60 ml
7501314701759,0.09,0.13,0.13,chico,75,Caja con 6 capsulas
7501314701766,0.1,0.15,0.15,chico,75,Caja con 12 capsulas
7501314701773,0.09,0.13,0.13,chico,75,Caja con 1 sobre
7501314701827,0.1,0.15,0.15,chico,75,Caja con 12 capsulas
7501314701834,0.09,0.13,0.13,chico,75,Caja con 6 capsulas
7501314701889,0.09,0.14,0.14,chico,75,Caja con 7 tabletas
7501314701926,0.1,0.14,0.14,chico,75,Caja con 10 tabletas
7501314701957,0.12,0.02,0.12,chico,75,Contenido 60 ml
7501314702640,0.08,0.01,0.08,chico,75,Contenido 25 ml
7501314702657,0.11,0.17,0.17,chico,75,Caja con 20 capsulas
7501314702701,0.1,0.14,0.14,chico,75,Caja con 10 tabletas
7501314702749,0.1,0.15,0.15,chico,75,Caja con 12 tabletas
7501314702756,0.12,0.18,0.18,chico,75,Caja con 28 tabletas
7501314702770,0.1,0.15,0.15,chico,75,Caja con 15 tabletas
7501314703227,0.11,0.17,0.17,chico,75,Caja con 20 capsulas
7501314703432,0.1,0.14,0.14,chico,75,Caja con 10 capsulas
7501314703616,0.1,0.14,0.14,chico,75,Caja con 10 capsulas
7501314703647,0.12,0.02,0.12,chico,75,Contenido 60 ml
7501314703661,0.1,0.14,0.14,chico,75,Caja con 10 tabletas
7501314703685,0.12,0.02,0.12,chico,75,Contenido 60 ml
7501314704040,0.14,0.21,0.21,chico,75,Caja con 40 tabletas
7501314704057,0.33,0.08,0.33,chico,75,Contenido 230 ml
7501314704149,0.11,0.17,0.17,chico,75,Caja con 20 supositorios
7501314704156,0.1,0.14,0.14,chico,75,Caja con 10 supositorios
7501314704187,0.1,0.14,0.14,chico,75,Caja con 10 supositorios
7501314704231,0.12,0.19,0.19,chico,75,Caja con 30 capsulas
7501314704460,0.06,0.0,0.06,chico,75,Contenido 10 ml
7501314704552,0.11,0.17,0.17,chico,75,Caja con 20 tabletas
7501314704644,0.1,0.14,0.14,chico,75,Caja con 10 comprimidos
7501314704712,0.12,0.19,0.19,chico,75,Caja con 30 comprimidos
7501314704743,0.12,0.02,0.12,chico,75,Contenido 60 ml
7501314704828,0.1,0.15,0.15,chico,75,Caja con 14 capsulas
7501314704873,0.1,0.15,0.15,chico,75,Caja con 14 capsulas
7501314704880,0.12,0.18,0.18,chico,75,Caja con 28 capsulas
7501314704927,0.1,0.15,0.15,chico,75,Caja con 12 capsulas
7501314704934,0.12,0.17,0.17,chico,75,Caja con 24 capsulas
7501314704958,0.2,0.04,0.2,chico,75,Contenido 125 ml
7501314704965,0.35,0.08,0.35,chico,75,Contenido 250 ml
7501314705153,0.1,0.15,0.15,chico,75,Caja con 15 capsulas
7501314705313,0.08,0.12,0.12,chico,75,Caja con 2 capsulas
7501314705535,0.12,0.19,0.19,chico,75,Caja con 30 tabletas
7501314705542,0.09,0.13,0.13,chico,75,Caja con 4 tabletas
7501314705573,0.09,0.13,0.13,chico,75,Caja con 4 tabletas
7501314706228,0.22,0.05,0.22,chico,75,Contenido 140 ml
7501318608191,0.12,0.18,0.18,chico,75,Caja con 28 comprimidos
7501318608788,0.12,0.18,0.18,chico,75,Caja con 28 comprimidos
7501318612082,0.12,0.19,0.19,chico,75,Caja con 30 tabletas
7501318612655,0.12,0.18,0.18,chico,75,Caja con 28 tabletas
7501318644335,0.08,0.01,0.08,chico,75,Contenido 30 g
7501318645080,0.07,0.01,0.07,chico,75,Contenido 20 g
7501318645295,0.08,0.13,0.13,chico,75,Caja con 3 ovulos
7501318646223,0.08,0.13,0.13,chico,75,Caja con 3 ovulos
7501318649071,0.08,0.01,0.08,chico,75,Contenido 30 g
7501318658189,0.1,0.14,0.14,chico,75,Caja con 10 capsulas
7501318673205,0.21,0.31,0.31,chico,75,Caja con 84 tabletas
7501318685499,0.12,0.19,0.19,chico,75,Caja con 30 comprimidos
7501318687332,0.51,0.12,0.51,mediano,90,Contenido 400 g
7501318697409,0.15,0.15,0.15,chico,75,Medicamento o prueba en caja: peso supuesto de 150 g
7501326001137,0.12,0.18,0.18,chico,75,Caja con 28 comprimidos
7501326004176,0.12,0.18,0.18,chico,75,Caja con 28 tabletas
7501326004954,0.16,0.25,0.25,chico,75,Caja con 56 comprimidos
7501328977737,0.05,0.0,0.05,chico,75,Contenido 3 g
7501328979496,0.23,0.05,0.23,chico,75,Contenido 150 ml
7501328979502,0.23,0.05,0.23,chico,75,Contenido 150 ml
7501328979564,0.11,0.17,0.17,chico,75,Caja con 20 tabletas
7501328980119,0.32,0.48,0.48,chico,75,Caja con 20 ampolletas
7501369200016,0.2,0.3,0.3,chico,75,Caja con 20 sobres
7501369200030,0.53,0.13,0.53,mediano,90,Contenido 400 ml
7501385410000,0.15,0.15,0.15,chico,75,Medicamento o prueba en caja: peso supuesto de 150 g
7501385410055,0.15,0.15,0.15,chico,75,Medicamento o prueba en caja: peso supuesto de 150 g
7501385420061,0.12,0.19,0.19,chico,75,Caja con 30 tabletas
7501385420238,0.13,0.19,0.19,chico,75,Caja con 32 tabletas
7501385491085,0.11,0.17,0.17,chico,75,Caja con 20 tabletas
7501385494246,0.12,0.19,0.19,chico,75,Caja con 30 tabletas
7501385494475,0.12,0.17,0.17,chico,75,Caja con 3 ampolletas
7501390910953,0.2,0.3,0.3,chico,75,Caja con 10 ampolletas
7501390910991,0.08,0.01,0.08,chico,75,Contenido 30 g
7501390911004,0.08,0.01,0.08,chico,75,Contenido 30 g
7501390911011,0.06,0.0,0.06,chico,75,Contenido 10 g
7501390911028,0.12,0.18,0.18,chico,75,Caja con 10 gasas
7501390911035,0.09,0.13,0.13,chico,75,Caja con 6 ovulos
7501390911042,0.06,0.0,0.06,chico,75,Contenido 12 g
7501390912209,0.23,0.05,0.23,chico,75,Contenido 150 ml
7501390912551,0.15,0.15,0.15,chico,75,Medicamento o prueba en caja: peso supuesto de 150 g
7501390913374,0.06,0.0,0.06,chico,75,Contenido 10 g
7501417006133,0.22,0.05,0.22,chico,75,Contenido 145 g
7501417007550,0.11,0.02,0.11,chico,75,Contenido 50 g
7501417007666,0.07,0.01,0.07,chico,75,Contenido 21 g
7501471800029,0.11,0.17,0.17,chico,75,Caja con 20 capsulas
7501471800265,0.11,0.17,0.17,chico,75,Caja con 20 capsulas
7501471800272,0.12,0.19,0.19,chico,75,Caja con 30 tabletas
7501537102586,0.06,0.0,0.06,chico,75,Contenido 2 ml × 3 piezas
7501537102845,0.11,0.17,0.17,chico,75,Caja con 20 tabletas
7501537103422,0.15,0.15,0.15,chico,75,Medicamento o prueba en caja: peso supuesto de 150 g
7501537103521,0.1,0.14,0.14,chico,75,Caja con 10 tabletas
7501537163266,0.08,0.13,0.13,chico,75,Caja con 3 dosis
7501537164713,0.12,0.19,0.19,chico,75,Caja con 30 grageas
7501537182960,0.15,0.15,0.15,chico,75,Medicamento o prueba en caja: peso supuesto de 150 g
7501547509016,0.12,0.19,0.19,chico,75,Caja con 30 capsulas
7501565609521,0.14,0.21,0.21,chico,75,10 piezas
7501573900115,0.1,0.14,0.14,chico,75,Caja con 10 grageas
7501583300325,0.1,0.15,0.15,chico,75,Caja con 14 capsulas
7501590211232,0.08,0.12,0.12,chico,75,Caja con 1 tableta
7501685171113,0.09,0.14,0.14,chico,75,Caja con 3 condones
75017255,0.07,0.0,0.07,chico,75,Contenido 15 ml
7501825300724,0.1,0.16,0.16,chico,75,Caja con 16 tabletas
7501836009661,0.11,0.17,0.17,chico,75,Caja con 20 tabletas
7501846501100,0.12,0.02,0.12,chico,75,Contenido 60 g
7501846503777,0.12,0.02,0.12,chico,75,Contenido 60 g
7501846504569,0.12,0.02,0.12,chico,75,Contenido 60 g
7501846504859,0.12,0.02,0.12,chico,75,Contenido 60 g
7501846505283,0.12,0.02,0.12,chico,75,Contenido 60 g
7501868900127,0.14,0.21,0.21,chico,75,10 piezas
7501868900134,0.5,0.75,0.75,mediano,90,100 piezas
7501868900226,10.92,2.95,10.92,grande,150,Contenido 250 ml × 36 piezas
7501868900233,14.54,3.93,14.54,grande,150,Contenido 500 ml × 24 piezas
7501868900257,14.54,3.93,14.54,grande,150,Contenido 1 l × 12 piezas
7501868900264,7.29,1.97,7.29,grande,150,Contenido 125 ml × 48 piezas
7501868900578,0.4,0.4,0.4,chico,75,Sin datos de contenido: peso supuesto de 400 g
7501868900714,0.5,0.75,0.75,mediano,90,100 piezas
7501868900721,0.5,0.75,0.75,mediano,90,100 piezas
7501868901117,10.92,2.95,10.92,grande,150,Contenido 250 ml × 36 piezas
7501868901124,14.54,3.93,14.54,grande,150,Contenido 500 ml × 24 piezas
7501868901131,14.54,3.93,14.54,grande,150,Contenido 1 l × 12 piezas
7501868902213,0.08,0.05,0.08,chico,75,Rollo o carrete
7501868902268,0.17,0.26,0.26,chico,75,18 piezas
7501868902282,0.2,0.29,0.29,chico,75,24 piezas
7501868920156,1.26,0.33,1.26,mediano,105,Contenido 1000 ml
7501868920163,0.65,0.16,0.65,mediano,90,Contenido 500 ml
7501868950702,0.17,0.03,0.17,chico,75,Contenido 100 ml
7501871720590,0.26,0.39,0.39,chico,75,Caja con 30 sobres
7501871720606,0.12,0.19,0.19,chico,75,Caja con 30 capsulas
7501871720620,0.1,0.15,0.15,chico,75,Caja con 15 capsulas
7501871720644,0.09,0.14,0.14,chico,75,Caja con 7 ovulos
7501871720675,0.11,0.17,0.17,chico,75,Caja con 20 tabletas
7501871720682,0.12,0.19,0.19,chico,75,Caja con 30 tabletas
7501871720767,0.34,0.08,0.34,chico,75,Contenido 255 g
7501871720774,0.34,0.08,0.34,chico,75,Contenido 255 g
7501871720941,0.12,0.19,0.19,chico,75,Caja con 30 tabletas
7501871721214,0.26,0.39,0.39,chico,75,Caja con 30 sobres
7501871730339,0.1,0.16,0.16,chico,75,Caja con 4 sobres
7501943416178,1.5,3.2,3.2,grande,125,Pañales: 40 piezas (bulto voluminoso)
7501943416864,1.5,3.2,3.2,grande,125,Pañales: 40 piezas (bulto voluminoso)
7501943433090,1.64,3.52,3.52,grande,125,Pañales: 44 piezas (bulto voluminoso)
7501943433359,1.5,3.2,3.2,grande,125,Pañales: 40 piezas (bulto voluminoso)
7501943434622,1.5,3.2,3.2,grande,125,Pañales: 40 piezas (bulto voluminoso)
7501943441408,0.59,1.12,1.12,mediano,105,Pañales: 14 piezas (bulto voluminoso)
7501943441705,1.43,3.04,3.04,grande,125,Pañales: 38 piezas (bulto voluminoso)
7501943441729,1.36,2.88,2.88,grande,125,Pañales: 36 piezas (bulto voluminoso)
7501943441767,1.36,2.88,2.88,grande,125,Pañales: 36 piezas (bulto voluminoso)
7501943441804,1.36,2.88,2.88,grande,125,Pañales: 36 piezas (bulto voluminoso)
7501943442405,1.15,2.4,2.4,grande,125,Pañales: 30 piezas (bulto voluminoso)
7501943444928,1.64,3.52,3.52,grande,125,Pañales: 44 piezas (bulto voluminoso)
7501943444942,1.64,3.52,3.52,grande,125,Pañales: 44 piezas (bulto voluminoso)
7501943444966,1.5,3.2,3.2,grande,125,Pañales: 40 piezas (bulto voluminoso)
7501943445796,1.36,2.88,2.88,grande,125,Pañales: 36 piezas (bulto voluminoso)
7501943447615,1.5,3.2,3.2,grande,125,Pañales: 40 piezas (bulto voluminoso)
7501943454743,0.57,0.48,0.57,mediano,90,Toallitas: 80 piezas
7501943454811,0.57,0.48,0.57,mediano,90,Toallitas: 80 piezas
7501943454873,0.57,0.48,0.57,mediano,90,Toallitas: 80 piezas
7501943466548,0.14,0.21,0.21,chico,75,10 piezas
7501943466562,0.45,0.8,0.8,mediano,90,Pañales: 10 piezas (bulto voluminoso)
7501943471337,0.64,0.54,0.64,mediano,90,Toallitas: 90 piezas
7501943471603,0.32,0.25,0.32,chico,75,Toallitas: 42 piezas
7501943471900,0.83,0.72,0.83,mediano,90,Toallitas: 120 piezas
7501943471962,0.7,0.6,0.7,mediano,90,Toallitas: 100 piezas
7501943474895,0.45,0.8,0.8,mediano,90,Pañales: 10 piezas (bulto voluminoso)
7501943474994,0.45,0.8,0.8,mediano,90,Pañales: 10 piezas (bulto voluminoso)
7501943475014,0.45,0.8,0.8,mediano,90,Pañales: 10 piezas (bulto voluminoso)
7501943488663,1.5,3.2,3.2,grande,125,Pañales: 40 piezas (bulto voluminoso)
7501943488687,1.5,3.2,3.2,grande,125,Pañales: 40 piezas (bulto voluminoso)
7501943488922,1.5,3.2,3.2,grande,125,Pañales: 40 piezas (bulto voluminoso)
7501943495548,1.5,3.2,3.2,grande,125,Pañales: 40 piezas (bulto voluminoso)
7501943498815,1.5,3.2,3.2,grande,125,Pañales: 40 piezas (bulto voluminoso)
7502001162426,0.11,0.17,0.17,chico,75,Caja con 20 capsulas
7502001166066,0.1,0.01,0.1,chico,75,Contenido 40 g
7502003389524,0.1,0.15,0.15,chico,75,Caja con 15 capsulas
7502009340161,0.08,0.12,0.12,chico,75,Caja con 1 frasco ampula
7502009740763,0.1,0.14,0.14,chico,75,Caja con 10 tabletas
7502009740992,0.1,0.14,0.14,chico,75,Caja con 10 tabletas
7502009745898,0.11,0.17,0.17,chico,75,Caja con 20 tabletas
7502009746055,0.1,0.15,0.15,chico,75,Caja con 14 tabletas
7502009749155,0.12,0.17,0.17,chico,75,Caja con 24 comprimidos
7502009749162,0.11,0.17,0.17,chico,75,Caja con 20 comprimidos
75020286,0.15,0.23,0.23,chico,75,Caja con 50 tabletas
7502208891228,0.05,0.0,0.05,chico,75,Contenido 1 g
7502208894557,0.05,0.0,0.05,chico,75,Contenido 1 g
7502208894779,0.12,0.19,0.19,chico,75,Caja con 30 tabletas
7502208895196,0.1,0.14,0.14,chico,75,Caja con 10 tabletas
7502209710108,0.11,0.17,0.17,chico,75,Caja con 20 tabletas
7502209710177,0.2,0.3,0.3,chico,75,Caja con 20 sobres
7502211783787,0.12,0.18,0.18,chico,75,Caja con 28 tabletas
7502214980015,0.11,0.17,0.17,chico,75,3 piezas
7502214980824,0.12,0.19,0.19,chico,75,6 piezas
7502214982477,0.09,0.14,0.14,chico,75,Caja con 3 condones
7502214982491,0.09,0.14,0.14,chico,75,Caja con 3 condones
7502214982965,0.8,0.6,0.8,mediano,90,Vitrolero de 100 piezas
7502214983375,0.08,0.12,0.12,chico,75,Caja con 1 tabletas
7502215220134,0.14,0.21,0.21,chico,75,Caja con 5 ampolletas
7502216930414,0.11,0.17,0.17,chico,75,Caja con 20 tabletas
7502216930599,0.14,0.21,0.21,chico,75,Caja con 5 ampolletas
7502216931220,0.11,0.17,0.17,chico,75,Caja con 20 tabletas
7502216934474,0.09,0.13,0.13,chico,75,Caja con 4 comprimidos
7502221012303,0.31,0.24,0.31,chico,75,Toallitas: 40 piezas
7502221181337,0.23,0.05,0.23,chico,75,Contenido 150 ml
7502224227339,0.08,0.12,0.12,chico,75,Caja con 1 tabletas
7502224228060,0.05,0.0,0.05,chico,75,Contenido 3.5 g
7502224510035,0.19,0.04,0.19,chico,75,Contenido 120 ml
7502224511629,0.19,0.04,0.19,chico,75,Contenido 120 ml
7502227426449,0.1,0.16,0.16,chico,75,Caja con 16 capsulas
7502227426715,0.1,0.14,0.14,chico,75,Caja con 10 capsulas
7502235760115,0.17,0.26,0.26,chico,75,Caja con 60 tabletas
7502235760139,0.12,0.19,0.19,chico,75,Caja con 30 capsulas
7502235760337,0.17,0.26,0.26,chico,75,Caja con 60 capsulas
7502239732071,0.1,0.16,0.16,chico,75,1 piezas
7502240450018,0.08,0.13,0.13,chico,75,Caja con 3 tabletas
7502241941935,0.16,0.25,0.25,chico,75,Caja con 56 tabletas
7502250342747,0.29,0.07,0.29,chico,75,Contenido 200 ml
7502250343065,0.07,0.0,0.07,chico,75,Contenido 16 g
7502250343072,0.08,0.01,0.08,chico,75,Contenido 28 g
7502253073501,0.12,0.18,0.18,chico,75,Caja con 28 capsulas
7502253604798,0.07,0.01,0.07,chico,75,Contenido 20 g
7502253604804,0.07,0.0,0.07,chico,75,Contenido 14 g
7502254073821,0.58,0.15,0.58,mediano,90,Contenido 443 ml
7502256729054,0.5,0.5,0.5,chico,75,Aparato o accesorio: peso supuesto de 500 g
7502256732016,0.5,0.5,0.5,chico,75,Aparato o accesorio: peso supuesto de 500 g
7502276040368,0.12,0.19,0.19,chico,75,Caja con 30 tabletas
7502276040375,0.1,0.15,0.15,chico,75,Caja con 12 tabletas
7502276040405,0.12,0.17,0.17,chico,75,Caja con 24 tabletas
7502276040603,0.23,0.05,0.23,chico,75,Contenido 160 g
7502321440013,0.1,0.14,0.14,chico,75,Caja con 10 tabletas
7503002057810,0.08,0.12,0.12,chico,75,Caja con 2 tabletas
7503002163023,0.34,0.08,0.34,chico,75,Contenido 250 g
7503002615133,0.23,0.34,0.34,chico,75,Caja con 100 tabletas
7503003738404,0.12,0.17,0.17,chico,75,Caja con 24 capsulas
7503006698316,0.19,0.04,0.19,chico,75,Contenido 120 ml
7503006698323,0.34,0.08,0.34,chico,75,Contenido 240 ml
7503007704504,0.28,0.42,0.42,chico,75,Caja con 10 frascos
7503007704573,0.19,0.28,0.28,chico,75,Caja con 18 sobres
7503007704580,0.19,0.28,0.28,chico,75,Caja con 18 sobres
7503007704597,0.09,0.14,0.14,chico,75,Caja con 9 capsulas
7503007704634,0.11,0.17,0.17,chico,75,Caja con 20 comprimidos
7503007704658,0.12,0.19,0.19,chico,75,Caja con 30 capsulas
7503008821101,0.12,0.02,0.12,chico,75,Contenido 60 ml
7503027446248,0.1,0.16,0.16,chico,75,Caja con 16 capsulas
7503027446279,0.1,0.14,0.14,chico,75,Caja con 10 capsulas
7503046131866,0.06,0.0,0.06,chico,75,Contenido 10 ml
7503053829022,0.16,0.25,0.25,chico,75,Caja con 56 tabletas
75055813,0.05,0.0,0.05,chico,75,Contenido 3 ml
7506022331502,0.12,0.18,0.18,chico,75,Caja con 28 tabletas
7506205809248,0.97,0.25,0.97,mediano,90,Contenido 800 g
7506205809316,0.97,0.25,0.97,mediano,90,Contenido 800 g
7506205809323,0.97,0.25,0.97,mediano,90,Contenido 800 g
7506205810046,0.97,0.25,0.97,mediano,90,Contenido 800 g
7506295337454,0.1,0.16,0.16,chico,75,1 piezas
7506306202832,0.23,0.05,0.23,chico,75,Contenido 150 ml
7506306203044,0.23,0.05,0.23,chico,75,Contenido 150 ml
7506306213906,0.23,0.05,0.23,chico,75,Contenido 150 ml
7506306215764,0.28,0.06,0.28,chico,75,Contenido 200 g
7506306226722,0.23,0.05,0.23,chico,75,Contenido 150 ml
7506306226739,0.23,0.05,0.23,chico,75,Contenido 150 ml
7506306226852,0.23,0.05,0.23,chico,75,Contenido 150 ml
7506306244795,0.23,0.05,0.23,chico,75,Contenido 150 ml
7506306249042,0.15,0.03,0.15,chico,75,Contenido 85 g
7506306249059,0.29,0.07,0.29,chico,75,Contenido 213 g
7506306249356,0.1,0.01,0.1,chico,75,Contenido 42 g
7506306252875,0.53,0.13,0.53,mediano,90,Contenido 400 ml
7506306257580,0.11,0.02,0.11,chico,75,Contenido 50 g
7506306257597,0.16,0.03,0.16,chico,75,Contenido 100 g
7506306257603,0.28,0.06,0.28,chico,75,Contenido 200 g
7506339394733,0.09,0.01,0.09,chico,75,Contenido 35 ml
7506339397802,0.15,0.15,0.15,chico,75,Medicamento o prueba en caja: peso supuesto de 150 g
7506346600469,0.19,0.04,0.19,chico,75,Contenido 120 ml
7506352500043,0.1,0.16,0.16,chico,75,1 piezas
7506359300615,0.19,0.04,0.19,chico,75,Contenido 120 ml
7506376000253,0.16,0.03,0.16,chico,75,Contenido 100 g
7506376000260,0.16,0.03,0.16,chico,75,Contenido 100 g
7506425600007,1.64,3.52,3.52,grande,125,Pañales: 44 piezas (bulto voluminoso)
7506425601790,0.64,0.54,0.64,mediano,90,Toallitas: 90 piezas
7506425603404,0.38,0.3,0.38,chico,75,Toallitas: 50 piezas
7506425604241,1.5,3.2,3.2,grande,125,Pañales: 40 piezas (bulto voluminoso)
7506425604265,1.5,3.2,3.2,grande,125,Pañales: 40 piezas (bulto voluminoso)
7506425604289,1.5,3.2,3.2,grande,125,Pañales: 40 piezas (bulto voluminoso)
7506425604302,1.5,3.2,3.2,grande,125,Pañales: 40 piezas (bulto voluminoso)
7506425604326,1.5,3.2,3.2,grande,125,Pañales: 40 piezas (bulto voluminoso)
7506425604340,1.5,3.2,3.2,grande,125,Pañales: 40 piezas (bulto voluminoso)
7506425604364,1.5,3.2,3.2,grande,125,Pañales: 40 piezas (bulto voluminoso)
7506425604388,1.5,3.2,3.2,grande,125,Pañales: 40 piezas (bulto voluminoso)
7506425605880,0.22,0.33,0.33,chico,75,30 piezas
7506425605903,0.22,0.33,0.33,chico,75,30 piezas
7506425607808,0.57,0.48,0.57,mediano,90,Toallitas: 80 piezas
7506425608867,1.09,0.96,1.09,mediano,105,Toallitas: 160 piezas
7506425618200,0.57,0.48,0.57,mediano,90,Toallitas: 80 piezas
7506425625307,1.5,3.2,3.2,grande,125,Pañales: 40 piezas (bulto voluminoso)
7506425625536,0.15,0.22,0.22,chico,75,12 piezas
7506425625550,0.15,0.23,0.23,chico,75,Caja con 12 tampones
7506425625574,0.15,0.22,0.22,chico,75,12 piezas
7506425637621,2.0,1.8,2.0,mediano,105,Toallitas: 300 piezas
7506425638543,0.37,0.29,0.37,chico,75,Toallitas: 49 piezas
7506425645749,1.5,3.2,3.2,grande,125,Pañales: 40 piezas (bulto voluminoso)
7506425648610,0.66,1.28,1.28,mediano,105,Pañales: 16 piezas (bulto voluminoso)
7506425648634,0.8,1.6,1.6,mediano,105,Pañales: 20 piezas (bulto voluminoso)
7506425658367,1.9,3.6,3.6,grande,125,Pañales: 40 piezas (bulto voluminoso)
7506425658954,1.9,3.6,3.6,grande,125,Pañales: 40 piezas (bulto voluminoso)
7506425659111,1.5,3.2,3.2,grande,125,Pañales: 40 piezas (bulto voluminoso)
7506425659227,0.52,0.43,0.52,mediano,90,Toallitas: 72 piezas
7506425659265,1.5,3.2,3.2,grande,125,Pañales: 40 piezas (bulto voluminoso)
7506425661893,1.5,3.2,3.2,grande,125,Pañales: 40 piezas (bulto voluminoso)
7506425662906,1.5,3.2,3.2,grande,125,Pañales: 40 piezas (bulto voluminoso)
7506425662920,1.5,3.2,3.2,grande,125,Pañales: 40 piezas (bulto voluminoso)
7506425664191,1.36,2.88,2.88,grande,125,Pañales: 36 piezas (bulto voluminoso)
7506425664535,1.34,1.19,1.34,mediano,105,Toallitas: 198 piezas
7506425665433,0.41,0.34,0.41,chico,75,Toallitas: 56 piezas
7506442706096,0.12,0.18,0.18,chico,75,Caja con 28 tabletas
7506460100111,0.11,0.17,0.17,chico,75,3 piezas
7506460100890,0.12,0.17,0.17,chico,75,Caja con 24 pastillas
7506460101514,0.12,0.02,0.12,chico,75,Contenido 56.7 g
7506484500409,0.08,0.05,0.08,chico,75,Rollo o carrete
7506484500430,0.8,1.2,1.2,mediano,105,Caja con 24 rollos
7506484500447,0.44,0.66,0.66,mediano,90,Caja con 12 rollos
7506627400269,0.12,0.18,0.18,chico,75,Caja con 28 tabletas
75076337,0.1,0.01,0.1,chico,75,Contenido 45 g
75076856,0.12,0.02,0.12,chico,75,Contenido 58 g
7509546000343,0.17,0.03,0.17,chico,75,Contenido 100 ml
7509546000350,0.23,0.05,0.23,chico,75,Contenido 150 ml
7509546000985,0.14,0.02,0.14,chico,75,Contenido 75 ml
7509546007083,0.11,0.02,0.11,chico,75,Contenido 50 ml
7509546009179,0.14,0.02,0.14,chico,75,Contenido 75 ml
7509546017389,0.9,0.23,0.9,mediano,90,Contenido 700 ml
7509546029139,0.15,0.03,0.15,chico,75,Contenido 85 g
7509546029153,0.12,0.02,0.12,chico,75,Contenido 65 g
7509546029825,0.13,0.02,0.13,chico,75,Contenido 65 ml
7509546039152,0.08,0.01,0.08,chico,75,Contenido 22 ml
7509546052632,0.14,0.02,0.14,chico,75,Contenido 75 ml
7509546052885,0.11,0.17,0.17,chico,75,3 piezas
7509546053875,0.2,0.04,0.2,chico,75,Contenido 125 ml
7509546054032,0.08,0.01,0.08,chico,75,Contenido 22 ml
7509546056432,0.15,0.03,0.15,chico,75,Contenido 85 g
7509546057545,0.1,0.01,0.1,chico,75,Contenido 45 g
7509546058955,0.43,0.1,0.43,chico,75,Contenido 316 ml
7509546058962,0.43,0.1,0.43,chico,75,Contenido 316 ml
7509546058979,0.43,0.1,0.43,chico,75,Contenido 316 ml
7509546058986,0.43,0.1,0.43,chico,75,Contenido 316 ml
7509546059006,0.43,0.1,0.43,chico,75,Contenido 316 ml
7509546060460,0.1,0.01,0.1,chico,75,Contenido 45 g
7509546061665,0.15,0.03,0.15,chico,75,Contenido 85 g
7509546063515,0.23,0.05,0.23,chico,75,Contenido 150 ml
7509546063706,0.15,0.03,0.15,chico,75,Contenido 91 g
7509546063843,0.15,0.03,0.15,chico,75,Contenido 91 g
7509546064697,0.18,0.04,0.18,chico,75,Contenido 113 g
7509546065465,0.11,0.16,0.16,chico,75,2 piezas
7509546068343,0.43,0.1,0.43,chico,75,Contenido 316 ml
7509546068909,0.11,0.02,0.11,chico,75,Contenido 50 ml
7509546071558,0.15,0.03,0.15,chico,75,Contenido 91 g
7509546072043,0.9,0.23,0.9,mediano,90,Contenido 700 ml
7509546072050,0.29,0.07,0.29,chico,75,Contenido 200 ml
7509546072074,0.9,0.23,0.9,mediano,90,Contenido 700 ml
7509546072272,0.11,0.02,0.11,chico,75,Contenido 50 g
7509546073767,0.24,0.05,0.24,chico,75,Contenido 159 ml
7509546073774,0.24,0.05,0.24,chico,75,Contenido 159 ml
7509546073781,0.24,0.05,0.24,chico,75,Contenido 159 ml
7509546074504,0.53,0.13,0.53,mediano,90,Contenido 400 ml
7509546074511,0.9,0.23,0.9,mediano,90,Contenido 700 ml
7509546077253,0.24,0.05,0.24,chico,75,Contenido 159 ml
7509546077260,0.18,0.04,0.18,chico,75,Contenido 113 g
7509546078434,0.18,0.04,0.18,chico,75,Contenido 113 g
7509546078618,0.9,0.23,0.9,mediano,90,Contenido 700 ml
7509546654997,0.28,0.06,0.28,chico,75,Contenido 200 g
7509546655000,0.28,0.06,0.28,chico,75,Contenido 200 g
7509546655062,0.57,0.48,0.57,mediano,90,Toallitas: 80 piezas
7509546657851,0.12,0.19,0.19,chico,75,6 piezas
7509546674018,0.13,0.02,0.13,chico,75,Contenido 66 ml
7509546686776,0.29,0.07,0.29,chico,75,Contenido 200 ml
7509546687353,0.16,0.03,0.16,chico,75,Contenido 90 ml
7509546694702,0.23,0.05,0.23,chico,75,Contenido 150 ml
7509546698137,0.13,0.02,0.13,chico,75,Contenido 66 ml
7509546700298,0.15,0.03,0.15,chico,75,Contenido 91 g
7509552828030,0.47,0.11,0.47,chico,75,Contenido 350 ml
7509552828078,0.47,0.11,0.47,chico,75,Contenido 350 ml
7509552828962,0.47,0.11,0.47,chico,75,Contenido 350 ml
7590002012468,0.11,0.02,0.11,chico,75,Contenido 50 g
7590002012475,0.16,0.03,0.16,chico,75,Contenido 100 g
7590002037157,0.19,0.04,0.19,chico,75,Contenido 120 ml
759684391255,0.34,0.51,0.51,mediano,90,60 piezas
759684901409,0.35,0.08,0.35,chico,75,Contenido 250 ml
7702031244509,0.53,0.13,0.53,mediano,90,Contenido 400 ml
7702035457639,0.53,0.13,0.53,mediano,90,Contenido 400 ml
7702035870384,0.29,0.07,0.29,chico,75,Contenido 200 ml
7703331157506,0.11,0.17,0.17,chico,75,Caja con 21 comprimidos
7730979094092,0.12,0.19,0.19,chico,75,Caja con 30 capsulas
7730979097192,0.12,0.19,0.19,chico,75,Caja con 30 capsulas
7730979098007,0.08,0.12,0.12,chico,75,Caja con 2 capsulas
7791293025780,0.23,0.05,0.23,chico,75,Contenido 150 ml
7791293025797,0.23,0.05,0.23,chico,75,Contenido 150 ml
7791293025803,0.23,0.05,0.23,chico,75,Contenido 150 ml
7791293025810,0.23,0.05,0.23,chico,75,Contenido 150 ml
7791293028781,0.23,0.05,0.23,chico,75,Contenido 150 ml
7791293032436,0.23,0.05,0.23,chico,75,Contenido 150 ml
7791293033471,0.23,0.05,0.23,chico,75,Contenido 153 ml
7791293035895,0.23,0.05,0.23,chico,75,Contenido 153 ml
7800005082024,0.08,0.05,0.08,chico,75,Rollo o carrete
780083140922,0.15,0.15,0.15,chico,75,Medicamento o prueba en caja: peso supuesto de 150 g
7803510000590,0.11,0.17,0.17,chico,75,Caja con 20 comprimidos
7841141003726,0.12,0.18,0.18,chico,75,Caja con 28 capsulas
785118753825,0.09,0.13,0.13,chico,75,Caja con 4 tabletas
785118753962,0.1,0.14,0.14,chico,75,Caja con 10 tabletas
785118754204,0.17,0.26,0.26,chico,75,Caja con 60 tabletas
785120753349,0.14,0.21,0.21,chico,75,Caja con 40 capsulas
7891010031053,0.29,0.07,0.29,chico,75,Contenido 200 ml
7891024027363,0.12,0.02,0.12,chico,75,Contenido 60 ml
7891024036570,0.35,0.08,0.35,chico,75,Contenido 250 ml
7891024179925,0.35,0.08,0.35,chico,75,Contenido 250 ml
7891024183090,0.08,0.05,0.08,chico,75,Rollo o carrete
7891317019426,0.16,0.25,0.25,chico,75,Caja con 56 tabletas
7891317019617,0.12,0.18,0.18,chico,75,Caja con 28 tabletas
7891317019747,0.06,0.0,0.06,chico,75,Contenido 10 g
7891317019815,0.12,0.19,0.19,chico,75,Caja con 30 tabletas
7891317027506,0.11,0.17,0.17,chico,75,Caja con 21 tabletas
7891317027513,0.1,0.15,0.15,chico,75,Caja con 12 tabletas
7891317045081,0.12,0.19,0.19,chico,75,Caja con 30 comprimidos
7891317047146,0.1,0.15,0.15,chico,75,Caja con 12 ovulos
7891317047733,0.46,0.11,0.46,chico,75,Contenido 340 ml
7891317048808,0.27,0.06,0.27,chico,75,Contenido 180 ml
7896009400148,0.1,0.01,0.1,chico,75,Contenido 40 g
7896009490651,0.1,0.01,0.1,chico,75,Contenido 40 g
7896116838995,0.11,0.17,0.17,chico,75,Caja con 21 tabletas
799192067426,0.5,0.5,0.5,chico,75,Aparato o accesorio: peso supuesto de 500 g
8020030053502,0.1,0.15,0.15,chico,75,Caja con 14 tabletas
8020030054080,0.1,0.15,0.15,chico,75,Caja con 14 tabletas
8020030091252,0.15,0.23,0.23,chico,75,Caja con 50 capsulas
8020030095076,0.32,0.48,0.48,chico,75,Caja con 20 sticks
8400005861,0.05,0.0,0.05,chico,75,Contenido 2.5 ml
840149675727,0.08,0.12,0.12,chico,75,Caja con 1 tableta
8430308001379,0.15,0.22,0.22,chico,75,Caja con 45 capsulas
8436043011024,0.12,0.19,0.19,chico,75,Caja con 30 capsulas
8850006935033,0.51,0.12,0.51,mediano,90,Contenido 400 g
891671002277,0.15,0.23,0.23,chico,75,Caja con 50 tabletas
