orden,gtin,linea,nombre_sistema,nota_cruce
1,7501123013302,Farma,BEDOYECTA TRI AMP,
2,7501058623300,Farma + Mark,NAN 2 800GR,Mismo código de barras en Farma y Mark; se unió en una publicación con la existencia sumada
3,7501058623317,Farma + Mark,NAN 1 800GR OPTIPRO,Mismo código de barras en Farma y Mark; se unió en una publicación con la existencia sumada
4,7501318612655,Farma,ASPIRINA PROTEC C 28 TABS 240,
5,7501034692184,Farma,JARDIANZ DPP 25 5MG C30,
6,7501943441804,Mark,HU SUP UNISEX E5 C/36,
7,7501943445796,Mark,HU SUP UNISEX E6 C/36,
8,7501058623188,Farma + Mark,NAN 1 400 GR,Mismo código de barras en Farma y Mark; se unió en una publicación con la existencia sumada
9,4015630064076,Farma,ACCU CHEK C50 TIRAS ACTIVE,
10,8020030091252,Farma,VESSEL DUE F 250 CAPS50,
11,7501943444966,Mark,SUAVE JUM E5 C/40,
12,7501109902866,Farma,MOTRIN INF SUSP 20MG 1ML FEBRERO 28 30,
13,7506425645749,Mark,SUAVE XJBO E7 C40,
14,7501943441767,Mark,HU SUP UNISEX E4 C/36,
15,7501943444942,Mark,SUAVE GDE E4 C/44,
16,7501943447615,Mark,SUAVE EX JUM E6C/40,
17,7501123013340,Farma,BEDOYECTA CAPS C 30,
18,008400009418,Farma,RIBOTRIPSIN 18MG C30TAB,
19,7590002012468,Farma,VAPORUB 50GR TARRO 96,
20,7501298217659,Farma,DOLO NEUROBION DC C3AMP,
21,7506425664191,Mark,HUGG SUPR UNISEX ET7 C/36 C5,
22,1306881054187,Farma,SEMPLEX BN P 1AMP 10ML COMPLEJO B MEDICAM,
23,7506425604364,Mark,HU CONF NINO E6 C40,
24,7503007704658,Farma,NUCLEO C M P FORTE 5 3 MG C 30 CAPS,
25,7501058623195,Farma + Mark,NAN 2 400 GR JUNIO 27,Mismo código de barras en Farma y Mark; se unió en una publicación con la existencia sumada
26,7501298223704,Farma,DOLO NEUROBION TAB C 20,
27,7501943434622,Mark,SUAVE CH E2 C/40,
28,7501943444928,Mark,SUAVE MED E3 C/44,
29,7501287630926,Farma,TERRAMICINA CAP C16 AGOSTO 27 112,
30,7506425604388,Mark,HU CONF NINA E6 C40,
31,5000174305449,Farma,FIXODENT ORG 40ML ADH DENT,
32,736085413359,Farma,LAGRICEL PF OFT 4MG ML SOL 10ML,
33,7506425604340,Mark,HU CONF NINA E5 C40,
34,3662042003059,Farma,THEALOZ DUO 10ML TREALOSA 3 HIALURONATO 0 15 AGOSTO 27,
35,7501058623294,Farma + Mark,NAN 3 800G OPTIMAL PRO 12 AGOSTO 27,Mismo código de barras en Farma y Mark; se unió en una publicación con la existencia sumada
36,7501065008473,Farma,THERAFLU VERDE C10 SBS RESFRIADO SEVERO,
37,7501249606778,Farma,POSTDAY 1 CPR,
38,4015630981977,Farma,ACCU CHEK C 50 TIRAS PERFORMA,
39,7501008498880,Farma,FLANAX 550 C30TAB,
40,7501943474895,Mark,DIAPRO PRED GEL ADC-10,
41,7509546054032,Mark,C D COLGATE LUMINOUS WHITE22,
42,7506425604326,Mark,HU CONF NINO E5 C40,
43,7501471800265,Farma,PANCLASA C/20 CAPS FLOROGLUCINO L TRIMETILFLOROGLUCINOL,
44,4015630067084,Farma,ACCU CHEK C50 TIRAS INSTANT,
45,7501298223711,Farma,DOLO NEUROBION TAB C 10,
46,7501943498815,Mark,SUAVE R-N E1 C/40,
47,3662042003240,Farma,HYABAK 0 15 SOL OFT 10ML,
48,7506425604302,Mark,HU CONF NINA E4 C40,
49,7501034630124,Farma,JARDIANZ DUO 12 5 850MG TAB C60,
50,7506425600007,Mark,HU CONF UNI RN/E1 C44,
51,7501300450210,Farma,BACTRIM F 800 160MG C15T 216,
52,7501298221403,Farma,DOLO NEUROBION FTE 30GRAG,
53,7501008497340,Farma,FLANAX 550 C 12 TABS 162,
54,7501159526029,Farma,EUCALIPTINE AMP C 10 100MG DICIEMBRE 26,
55,7501298217635,Farma,DOLO NEUROBION FTE C 1 PRELLE,
56,7501943433090,Mark,HU CONF UNI E2 C44,
57,7501165005624,Farma,NEUROFLAX 20 4MG C3 AMP SEPTIEMBRE 27,
58,7501298217703,Farma,DEXABION DC INY 3 X 3 ML,
59,7506425604289,Mark,HU CONF NINO E4 C40,
60,7501070612368,Farma,TREDA C20 TABS,
61,7506425662920,Mark,HUGG ULT CON ET 7 NIÑO C40 5,
62,7501868900134,Farma,DIBAR GASA 100,
63,736085905373,Farma,KRYTANTEK SOL 5ML,
64,7506425608867,Mark,TAS HUGGIES SUPREME 2PACK C/80,
65,7501943441705,Mark,HU SUP UNISEX E2 C38 C/6,
66,7501314701827,Farma,CIPROFLOX 500MG C12 CAPS,
67,7501165000230,Farma,NEO MELUBRINA TAB 500MG C10 330,
68,7501298265100,Farma,NEUROBION 60GRAG,
69,7501943488922,Mark,ABSOR EX JUMC/40,
70,7501300407047,Farma,FEBRAX C15 TABS 275 300MG 252,
71,7501871721214,Farma,NOVOVARTALON C 30 SOBRES,
72,7501298221397,Farma,NEUROBION C30 TABS VIT B1-B6-B12,
73,7506425604265,Mark,HU CONF NINA E3 C40,
74,7501101623769,Farma,TIAMINAL B12 50000 UI,
75,7506425604241,Mark,HU CONF NINO E3 C40,
76,7501088509773,Farma,ANTIFLUDES 24 CAPS,
77,7506425662906,Mark,HUGG ULT CON ET 7 NIÑA C40 5,
78,7501037925579,Farma,TRAYENTA 5MG T30,
79,7501287630506,Farma,TERRAMICINA TROCIS 125 MG C 24 117,
80,7501318673205,Farma,ASPIRINA PROTEC 100 MG C 84 TABS 120,
81,7590002012475,Farma,VAPORUB 100GR TARRO 48,
82,7501314701711,Farma,FOSFOCIL 1G INY ADULTO,
83,7730979097192,Farma,ASOFLON DUO 050MG 040MG C 30,
84,7501300408556,Farma,DORIXINA RELAX C 20 COMP 336,
85,7501165010826,Farma,ENTEROGERMINA 4 BILLO C10 64,
86,7501943416864,Mark,HU SUP UNISEX E1 C/40,
87,7501300407160,Farma,VODELAN 500 100 MG C 14 336,
88,7501125116810,Farma,AGRIFEN TAB C 10 PISA,
89,7501314701766,Farma,FOSFOCIL C12 CAP 500MG JULIO 27,
90,7501298217130,Farma,DABEX XR 1000MG C30,
91,7891317019815,Farma,VENALOT DEPOT 180 30MG CJA C30 TABL EUROFARMA,
92,7501092793045,Farma,RIOPAN GEL C 20 SOB 22,
93,7501314701773,Farma,FOSFOCIL GU 3G C1 SOBRE,
94,7501298221823,Farma,NEUROBION DC 10G C3 AMP,
95,7506425648634,Mark,SUAVE R-N E1 C/20,
96,7501001258023,Farma,PEPTO BISMOL C 100 TABS,
97,1306881052206,Farma,SCARPETT K C20 TABS BETAMETA KETOROLACO MEDICAM 330,
98,7506205809316,Farma + Mark,ENFAMIL 1 PREMIUM 800G 0 A 12 MESES,Mismo código de barras en Farma y Mark; se unió en una publicación con la existencia sumada
99,7501089804099,Farma,AUTRIN 600 MG C 36 TABS,
100,7501300420220,Farma,DORIXINA FLAM C14 TAB 180,
101,7501943441729,Mark,HU SUP UNISEX E3 C/36,
102,7501298214986,Farma,DOLO NEUROBION FTE C10 TABS,
103,7501165011601,Farma,BUSCAPINA COMP C36 10 250MG 128,
104,7501058714312,Farma,TEMPRA GOTAS 30ML 96,
105,7501943454743,Mark,TAS HUM HUGG CUIDADO HIDRAT C/80,
106,7501417007666,Farma,MAGNESIA COYOACAN 7GR C 3 CUBOS,
107,7506295337454,Farma,PBA EMB CLEAR BLUE DIGITAL,
108,7730979094092,Farma,ASOFLON LP 0 4 MG C 30 CAPS,
109,7501008493007,Farma,VAGITROL V C 10 OVULOS,
110,7501050610704,Farma,DIPROSPAN HYPAK,
111,7501058714305,Farma,TEMPRA JBE INF 3 2 100ML,
112,7501033954078,Farma,ENSURE 237ML FRESA JULIO 27,
113,75020286,Farma,SIMILAXOL C 50 TABS,
114,7501250838939,Farma,VASCULFLOW 250/225/25MG C30 TABS,
115,736085405422,Farma,SPLASH TEARS SOL OFTALMICA,
116,7501098610025,Farma,XIGDUO XR 10 1000MG C28,
117,780083140922,Farma,AMPIGRIN ADULT AMP C 3 AMP COLLINS 40,
118,7501033956140,Farma,GLUCERNA 237ML FRESA C24 MAYO 27,
119,5415062392317,Farma,TERRAMICINA UNGUENTO 10 G,
120,7501871720620,Farma,GESLUTIN 200MG PERLAS 15,
121,7506425658954,Mark,HUGG SUPR UNISEX ET3 + TAS HUM SUPR C80 C/5,
122,7501092793052,Farma,RIOPAN GEL C 10 SOB 36,
123,7501314706228,Farma,VITERNUM JBE 140 ML,
124,7501318645080,Farma,CANESTEN V CRA 20 GR 40 AGOSTO 27,
125,1306881057065,Farma,B-PRACET-KP C30 PREGABALINA KETOPROFENO VIT B1 VIT B12MEDICAM,
126,736085132069,Farma,NAZIL OFTENO GTS 15 ML,
127,7501001246563,Farma,VAPORUB EXH C40 LATAS 12,
128,650240017094,Farma,XL3 XTRA C 12,
129,75004996,Farma,ESPAVEN PED GTS 138,
130,7501109902637,Farma,MOTRIN GTAS PEDIA MARZO 28 54,
131,7501086453221,Farma + Mark,ORAL B ENJBUC GINGIVITIS 350ML,Mismo código de barras en Farma y Mark; se unió en una publicación con la existencia sumada y el precio mayor
132,7501293201936,Farma,HISTOFIL 4000 UI FRASCO TABC60,
133,7501098610032,Farma,XIGDUO XR 5 1000MG TAB C28,
134,7501300420916,Farma,CLENDIX 300MG C 16 ABRIL 27 SIEGFRIED 252,
135,7501070903695,Farma,LIBERTRIM SII 200 75 C 24 COMP,
136,799192067426,Farma,ACCU-CHEK EQ INSTANT KIT COMPLETO + SOFTCLIX + INSTANT 50 TIRAS REACTIVAS,
137,7501124182878,Farma,LIBERTRIM ALFA C24 CPR MARZO 27,
138,7501298281407,Farma,SEDALMERCK EXHIBIDOR CON 200,
139,7501298234908,Farma,EUTIROX 50 MG C 50 TABS,
140,7501092793038,Farma,RIOPAN GEL 250 ML,
141,7501008433515,Farma,CAFIASPIRINA C100 TABS 80,
142,7501008427347,Farma,BEPANTHEN 30GR 100,
143,7501007532387,Farma,MICROLAX ENEMAS C4 72,
144,7501033956126,Farma,GLUCERNA 237ML VAINILLA MAYO 27,
145,3594450170071,Farma,DAFLON 1000 SUSP C30 SOBRES,
146,7501033954085,Farma,ENSURE 237ML VAINILLA MAYO 27,
147,7501298234601,Farma,EUTIROX 100 MG C 50 TABS 90,
148,7501034664082,Farma,JARDIANZ DUO 12 5 1000MG TAB C60,
149,7501008499689,Farma,TABCIN ACTIVE PODS ALIV GRIPE Y TOS TAB 12 SEPTIEMBRE 27,
150,736085410808,Farma,HUMYLUB PF OFTENO 10ML,
151,7501070635596,Farma,AS COR SOL 24ML,
152,020800753067,Farma,PEPTO BISMOL 118ML ORIG,
153,7501033954061,Farma,ENSURE 237ML CHTE,
154,7501868900127,Farma,DIBAR GASA 10 ATA 10,
155,7503007704597,Farma,HIDRASEC 100MG CAPS9,
156,7501070615277,Farma,DAFLON 500M C 20 TABS,
157,7501868900257,Farma,ALCO R 1LT C12 PZAS DIBAR,
158,7501314704057,Farma,UNIVAL SUSP 1GR 230ML SUCRALFATO,
159,7501008433676,Farma,CAFIASPIRINA 40TAB JULIO 27 OFERTADO 120,
160,7501943416178,Mark,HU SUP UNISEX RN C/40,
161,7502235760139,Farma,REGENESIS MAX C 30 TABS,
162,7501022101155,Farma,REUMOPHAN C20 TABS GRISI,
163,7500435181402,Farma,SEDALMERCK EXH C10 SBRS C4TAB 75,
164,7501008498798,Farma,BEPANTHEN 30GR MULTIUSOS 100,
165,7501125106231,Farma,CEFAXONA IM 1GR 56 PISA ENERO 27,
166,650240017100,Farma,XL3 VR C 24 TABL,
167,7501390911028,Farma,ITALDERMOL GASAS C10,
168,7501314702640,Farma,FLUMIL GOTAS 25 ML,
169,7501017372751,Mark,ABSOR GDE C/40,
170,7501314701322,Farma,BIOMICS 400MG CAPS C 6 CEFIXIMA,
171,7501298215099,Farma,SEDALMERCK MAX TAB24 225,
172,7501017366316,Mark,SUAVE JUM E5 C/14,
173,7502208891228,Farma,TRIXONA I M 1GR CEFTRIAXONA BRULAGSA,
174,7501033956133,Farma,GLUCERNA 237ML CHTE JUNIO 27,
175,7501095452505,Farma,TEMPRA FTE C 24 TABS,
176,7501088509766,Farma,ANTIFLUDES JR JBE 60ML,
177,7501008499702,Farma,TABCIN PODS NOCHE C12 CAPS OCTUBRE 27 BAYER,
178,300090275051,Farma,DEPO PROVERA 150 MG FA 1 ML,
179,7501385491085,Farma,DANZEN 10MG C20 TABS HORMONA,
180,7501314702770,Farma,ARFLA 550MG TAB C15,
181,7501943475014,Mark,DIAPRO CONF MANZGDE/10,
182,7501328980119,Farma,ENTEROGERMINA 2 BILL C 20 AMP INGERIBLES 36,
183,7896009490651,Farma,COREGA 40G S SABOR,
184,7501300408136,Farma,AMPLIRON DUO 875 C14 JULIO 27 140,
185,7501124103248,Farma,PRAMIGEL SUSP 180 ML AGOSTO 27,
186,7509546058986,Mark,FIJ CAPRICE NAT KIW-LAV SPY 316ML,
187,7501124820817,Farma,TRAVATAN SOL 0.004% 2.5ML TRAVOPROST NOVARTIS,
188,7501122963028,Farma,ESPAVEN ENZI C 50 GRAG 156,
189,7730979098007,Farma,DEMUS 100000 UI C/2 TAB COLECALCIFEROL ASOFARMA,
190,7501314703227,Farma,SIES 200MG CAPS C20 HIDROSMINA,
191,8020030095076,Farma,ESOXX-ONE 10ML STICK C20,
192,7501125175626,Farma,AMOXICLAV BID 875 125 MG C14 AGOSTO 27,
193,736085278507,Farma,MANZANILLA SOPHIA GOTAS,
194,7501165000315,Farma,NEO MELUBRINA JBE 84,
195,7509546058955,Mark,FIJ CAPRICE SP ACT CERA SPY 316ML,
196,7506425658367,Mark,HUGG SUPR UNISEX ET6 + TAS HUM SUPR C80 C/5,
197,7502227426449,Farma,NESAJAR C16 CAPS PINAVERIO DIMETICONA GELPHARMA 130,
198,7501314704958,Farma,LACTULAX JBE 125 ML,
199,7502001166066,Farma,BARMICIL 40G SONS BETAMETASONA GENTAMICINA CLOTRIMAZOL,
200,7501088508998,Farma,NEURALIN RELIEF C 20 TAB,
201,7501086301393,Farma,CETOLAN 630MG C100 TABS,
202,7503008821101,Farma,ESTERICIDE SOL 60ML,
203,7501300409669,Farma,CEFTREX 1 GR IM SOL INY AGOSTO 27,
204,7501159580182,Farma,SINUBERASE AMP C 10 ORAL 64,
205,7501300408228,Farma,FURACIN POM 85GR AGOSTO 27 100,
206,7501017372775,Mark,ABSOR JUM C/40,
207,7501007532363,Farma,DRAMAMINE 24 TABS 72,
208,7501088505126,Farma,NEURALIN C 1 AMP,
209,7501298214207,Farma,DABEX XR 750MG T60 JULIO 27,
210,7509546058962,Mark,FIJ CAPRICE NAT SABILA SPY 316ML,
211,7501095409004,Farma,GRANEODIN B FRAMBUESA C 24 PAST,
212,7502215220134,Farma,BIOCORD SUSP INGER C 5 AMP 168,
213,7501298234700,Farma,EUTIROX 75 C 50 TABS,
214,7509546058979,Mark,FIJ CAPRICE NAT ALGA SPY 316ML,
215,7501037905588,Farma,COMBIVENT RESPIMAT 1 68 8 77 MG,
216,7501298213569,Farma,DABEX XR 750 MG C 30,
217,7891024027363,Mark,ENJ BUC PLAX ICE INFINITY 60ML,
218,4104480412103,Farma,PANOTOS JBE 100 ML 40,
219,1306881054170,Farma,SCARPETT AMP BETAMETAZONA MEDICAM,
220,7501300450227,Farma,BACTRIM SUSP 200 40MG 100ML AGOSTO 27 70,
221,7501537163266,Farma,TRIBEDOCE COMP C3 AMP COMPLEJO B DICLOFENACO BRULUART,
222,7501058623201,Farma + Mark,NAN 3 OPTIPRO 400 G JULIO 27,Mismo código de barras en Farma y Mark; se unió en una publicación con la existencia sumada
223,7501037920147,Farma,MICARDIS DUO 80 5MG C28,
224,7501547509016,Farma,INDARZONA CAP C 30 180 INDOMETA DEXAMETA STREGER,
225,7501871720590,Farma,VARTALON COMP C30 SOBRES LIMON 1500 1200MG,
226,7501065008459,Farma,THERAFLU TD ROJO C10 SABOR LIMON PARAC FENILEF 650 / 10MG,
227,3662042004100,Farma,ZADITEN OFT GTS 0.025% 5ML,
228,7501001116187,Farma,VICK 44 AD INF 120 ML ROJO JUNIO 27,
229,7501298224169,Farma,GAVINDO N CAP C30,
230,7501058625281,Farma,MATERNA C 30 TABS,
231,7501868900233,Farma,ALCO R 500ML C24 PZAS DIBAR,
232,7502276040368,Farma,DESENFRIOL D C30 TABS 162,
233,7506339397802,Farma,CLEARBLUE PLUS PBA EMBARAZO C1,
234,7501385420238,Farma,HEMOSIN K 25MG TABS HORMONA,
235,7501008427330,Farma,BEPANTHEN 100GR POM 50,
236,7501298244907,Farma,GLUCOVANCE 500MG 5MG C 60 TABS,
237,7501298204987,Farma,CONCOR 2.5MG GRAG C30,
238,7502009740763,Farma,CLAMOXIN 12H 875 125MG C10 TBS AMOXI ACLAV MAVER,
239,7501101627224,Farma,TIAMINAL TRIV B12 C 30 CAPS,
240,736085400489,Farma,SOPHIPREN OFT GTS 5ML,
241,7501065026439,Farma,TESALON 100MG C20TABS TESAPERL BENZONATATO GSK,
242,7501001246730,Farma,VAPORUB EXH C 12 LATAS,
243,7501088505003,Farma,ALIN 8MG C 1 AMP,
244,7502216930414,Farma,AVAPENA 25MG C 20 GRAG 160,
245,7501299305386,Farma,LODESTAR 50MG C 30 TABS,
246,7503007704634,Farma,SOMAZINA 500 MG C 20 COMPR,
247,7500462746605,Farma,AJOLOTIUS JBE MIEL 250ML VDE 40,
248,7501095452116,Farma,TEMPRA 500MG C10 TABS,
249,7501123011704,Farma,FITOESTIMULINA CRA C 30G,
250,3573994008590,Farma,FABROVEN C 30 CAPS,Nombre en ventas con sufijo (2); se cruzó sin el sufijo
251,650240010538,Farma,NEXT C 10 TABS,
252,7501057002663,Farma,LOMOTIL 2 MG C 8 TABS 72,
253,7501089804310,Farma,RECOVERON N UNG 40GR,
254,7501385410000,Farma,CUERPO AMARILLO SOL INY C6 HORMONA,
255,7502276040405,Farma,DESENFRIOLITO PLUS C24 TBS MASTIC 162,
256,3664798025705,Farma,SINUBERASE COLITIS 4BILL 5ML AMP C20,
257,7501165011632,Farma,BUSCAPINA COMP C20 TABS 10 250MG,
258,7501168810713,Farma,SALOFALK 500 MG C 40,
259,7506425625307,Mark,HU ALL AROUND UNI E7 C/40,
260,7501017372737,Mark,ABSOR MED C/40,
261,7501033956317,Farma,PEDIASURE 237ML CHOCOLATE MAYO 27,
262,7501008491966,Farma,ASPIRINA 500MG C40 TABS 120,
263,7501943466548,Mark,DIAPRO PANTS MED C/10,
264,736085402346,Farma,GAAP OFTENO GTS 3ML,
265,7501328979502,Farma,HISTIACIL NF AD JBE 150ML AGOSTO 27 42,
266,7501123018031,Farma,VANTAL BUCOF SOL C360ML 62,
267,7891317045081,Farma,DACTIL OB PIPERIDOLATO 100MG C30 EUROFARMA,
268,7501537164713,Farma,TRIBEDOCE COMP C 30 GRAG BRULUART,
269,7501943471900,Mark,TAS HUM ABSORSEC C/120,
270,7501300408204,Farma,PLIDAN COMPUESTO C20 TAB 432,
271,7501057005848,Farma,CALADRYL CLEAR LOC 180ML,
272,75001865,Mark,BRILL PALMOL LIQ 115ML,
273,7501298234809,Farma,EUTIROX 25MCG T50 AGOSTO 27,
274,7501943495548,Mark,DIAPRO PRED GEL UNIT C/40B,
275,7501298206455,Farma,DABEX XR 500MG T30,
276,7502224227339,Farma,LOXCELL 400 300MG TAB1 N,
277,7502003389524,Farma,GESTAGENO 200MG C15 CAPS AGOSTO 27,
278,7501035908253,Mark,AC MENNEN 200 ML,
279,7509546059006,Mark,FIJ CAPRICE SP GRANADA SPY 316ML,
280,7501289514460,Farma,INDAFLEX CRA 2 5% 40G,
281,8020030054080,Farma,FLONORM TAB 550MG C14,
282,7509546068343,Mark,FIJ CAPRICE BIOTINA SPY 316 ML,
283,7501299305751,Farma,INHIBITRON TWIT 20 1100MG CAPS 30N,
284,7501943466562,Mark,DIAPRO PANTS GDE C/10,
285,650240024931,Farma,NIKZON C40 TABS MASTIC,
286,7501022110348,Farma,PIASCLEDINE 300 30 CAP ABRIL 27,
287,7503007704580,Farma,HIDRASEC 30MG SOB 18,
288,7501314704156,Farma,SENOSIAIN AD C 10,
289,7501314704231,Farma,FESTOMAR C30,
290,7501008497623,Farma,ELEVIT PRE NAT COMP C 30 JUNIO 27 120,
291,7891024179925,Mark,ENJ BUC COLG PERGAR S/AL C/250,
292,7501008498866,Farma,FLANAX 550MG C6 TABS 105,
293,7501065062529,Farma,ROBAX GOLD 500 200MG C24 TABS,
294,650240007651,Farma,BIO ELECTRO C 24 CAPS,
295,7501070615048,Farma,PRANOSINE JBE 250MG 60ML,
296,7502253073501,Farma,PENTREXYL 500 MG C28 CAPS 30,
297,7501019064449,Mark,TENA PANTS MAXI PROTEC GDE 6X13,
298,7501008433553,Farma,CAFIASPIRINA FORTE C 24 TABS 40,
299,7501035908246,Mark,AC MENNEN 100 ML,
300,7501035908239,Mark,AC MENNEN 50 ML,
301,7501125126031,Farma,NAXIFELAR 500MG CAP C20,
302,7501943454811,Mark,TAS HUM HUGG CUIDADO PURO C/80,
303,7506205809248,Farma + Mark,ENFAGROW PREMIUM 3 800 GR JUNIO 27 6,Mismo código de barras en Farma y Mark; se unió en una publicación con la existencia sumada
304,7501049714604,Farma,CYTOTEC 200MG C28 TABS MISOPROSTOL,
305,7501057005312,Farma,CALADRYL S LOC 180 ML 28,
306,5016003770609,Farma,CONTOURS PLUS 50 TIRAS,
307,7501095409059,Farma,GRANEODIN B M LIMON C24,
308,7509546698137,Mark,C DLGATE LUMIN W COHIT BRILL 66MLN,
309,75005689,Farma,RESPICIL AD INY IM,
310,7501871720644,Farma,TREXEN DUO OVULOS,
311,7501033960468,Farma,ENSURE ADV 237ML CHOCOLATE 16,
312,7501943471962,Mark,TAS SUAVE MAX C/100,
313,1306881054163,Farma,NEURODEX INY C 1 DEXAMETASONA COMPLEJO B MEDICAM,
314,7501943442405,Mark,HU SUP PREMATURO C/30,
315,7501089809445,Farma,ESKAPAR COMP C 20 200 600MG,
316,7501089808943,Farma,ADIMOD 800 MG C10 SOL AGOSTO 27,
317,7501314702657,Farma,FLUMIL CAPS 20 CAP,
318,7503007704504,Farma,FISIOFER SOL FCO 15ML C10,
319,7501943474994,Mark,DIAPRO CONFOR AD MED C/10,
320,7501125124075,Farma,CIPROBAC C14 500MG CIPROFLOXACINO PISA,
321,041388284316,Farma,KANK A SOL 0 3 OZ,
322,7501390911011,Farma,ITALDERMOL CRA 10G,
323,7501070635664,Farma,VONTROL 25 MG T C25 SANFER,
324,7501299330319,Farma,FOSFONAT 150MG TAB 1,
325,7501037935189,Farma,TRAYENTA DUO 2 5 850MG C60,
326,7501314704743,Farma,UNAMOL SUSP 1MG 60ML CISAPRIDA,
327,7501300407061,Farma,FEBRAX SUSP 100ML MARZO 27 72,
328,7501092743033,Farma,FERRANINA FOL C 30 GRAG,
329,7501019051043,Mark,TENA SLIP GRANDE C/10,
330,7501537103422,Farma,TRIBEDOCE DX COMPLEJO B/LIDOCAINA/DEXAMETA SOL INYC C/3 AMP BRULUART,
331,7501314704460,Farma,ORECIL NF SOL OTICA 10ML,
332,7501537182960,Farma,TRIBEDOCE 50 000 C 5 AMP 30,
333,7501124815851,Farma,EXFORGE HCT 5 160 12 5 T28 OCTUBRE 27,
334,650240052545,Farma,XL3 C10 ANTIGRIPAL,
335,7501050613453,Farma,AFRIN ADUL SPRAY 36,
336,7501124103279,Farma,PRAMIGEL 10 200 50 MG C 20 COMPR,
337,008400004574,Farma,GRIMAL 2MG SOL 10ML HIALURONATO OXIMETAZOLINA GRIN,
338,7501390912551,Farma,CHOLAL MOD SOL C 10 AMP,
339,7506339394733,Farma,FIXODENT PLUS,
340,736085410600,Farma,ZEBESTEN SOL 5ML,
341,7501033960499,Farma,ENSURE ADV 237ML FRESA 16,
342,7501299310489,Farma,INHIBITRON TWIT 40 40 1 100 C 30 CAP,
343,8020030053502,Farma,FLONORM 400MG TAB C14 AGOSTO 27,
344,7506425618200,Mark,TAS HUM KBBS VITAE 70 10 C80,
345,7501033956331,Farma,PEDIASURE 237ML FRESA,
346,7509546039152,Mark,C D COLGATE MFP 22 ML,
347,7501314704828,Farma,ULSEN PCS 40MG CAP C 14 OMEPRAZOL,
348,7501314705313,Farma,AFUNGIL 150 MG C 1 TAB 1 1,
349,7501070600730,Farma,SYNCOL MAX C12 TABS SANFER,
350,7501001258030,Farma,PEPTO BISMOL C24 TABS ORIGINAL,
351,7501123011711,Farma,FITOESTIMULINA GASAS C 10,
352,7506425659265,Mark,ABSOR XXJ 7 C/40 4,
353,7501033958717,Farma,ENSURE ADV 237ML VAINILLA 16,
354,7501201400567,Farma,REFRESH TEARS 10ML,
355,7501287627957,Farma,DALACIN C 300MG C 16CAPS,
356,7501008499979,Farma,FLANAX 550MG 10TAB + 2TAB GTS,
357,650240001314,Farma,NIKZON C90 TABS,
358,7501318612082,Farma,THIOCTACID 600MG CPR C30,
359,7501314701513,Farma,ACELER CO CRA 2% 15GR,
360,7501125155758,Farma,VITAFUSIN SOL INY AD MULTIVITAMINICO PISA,
361,300090556365,Farma,LINCOCIN 600MG 2ML C 6AMP ADULTO,
362,7501089804327,Farma,RECOVERON NC CRA40GR,
363,7501943454873,Mark,TAS HUGG HUM LAVANDA C/80,
364,7501008409527,Farma,REDOXON 1 NJA 10 TABS 200,
365,75055813,Farma,LATANOPROST SOL 0.05MG FRC 3ML PHARMACOS EXAKTA,
366,7501314704552,Farma,MICCIL 1MG COMP C 20,
367,020800790253,Farma,METAMUCIL POLVO 170 GR NARANJA,
368,7501125118289,Farma,FLUONING 750MG T7,
369,7501089804082,Farma,RECOVERON GRAN 12G SOB C10,
370,7501318646223,Farma,CANESTEN V OVULOS C/3,
371,7501868901131,Farma,ALCO A 1LT C12 PZAS DIBAR,
372,7501165010673,Farma,HISTIACIL FAM AD FRESA 140ML 42,
373,7501300408402,Farma,AMPLIRON 750MG C 12 COMP MAYO 27 420,
374,7501300422750,Farma,DORIXINA FTE 250MG C20 CLONIXINATO DE LISINA,
375,7501095467264,Farma,SAL DE UVAS EXHIBIDOR C 50 SOBRES,
376,891671002277,Farma,NORFLEX PLUS TAB50 JULIO 27,
377,7501088507922,Farma,KOPTIN 500 MG C 3 TABS,
378,7501019064432,Mark,CALZON TENA PANTS MAXIPRO CH-M C/13,
379,7501314705573,Farma,LURMIVI 500/312.5/37.5MG TAB C4,
380,7503007704573,Farma,HIDRASEC 10MG GRAN SOB C18,
381,7501070615123,Farma,PRANOSINE 500MG C20 TABS MARZO 29 SANFER,
382,7509546657851,Mark,CEP DENT COLGATE PREM-CLEAN C/6,
383,7501165003040,Farma,ADEROGYL C5 AMP ING 15 VIT A D C JUNIO 27 200,
384,736085400830,Farma,TRAZIDEX OFT SOL GTS 5ML,
385,7501089810038,Farma,HERKLIN 120 SHAMPO,
386,070942125352,Mark,KIT DE ORTODONCIA GUM 6PZAS,
387,7506425638543,Mark,TAS DIAPRO HUM C/MZNILLA C/49,
388,5997001328316,Farma,EVRA ETINILESTRADIOL PARCHE C3 GEDEON RICHTER,
389,7501095452147,Farma,TEMPRA 500MG C20 TABS,
390,300090050139,Farma,PROVERA TABL 10MG C 10 TABL,
391,7501314704040,Farma,UNIVAL 1GR TAB C 40 SUCRALFATO,
392,7501298269009,Farma,NOVOTIRAL 100 MCG 20 MCG C 50 TABS,
393,7501033956294,Farma,PEDIASURE 237ML VAINILLA MAYO 27,
394,7501123014101,Farma,FIRAC PLUS GRAG C 20,
395,7501017376995,Mark,SUAVE GDE E4 C/14,
396,7501159580014,Farma,SINUBERASE C 48 COMPR 198,
397,7501298217611,Farma,NEUROBION 100MG 10MG C 5 JGA PRELL JULIO 27,
398,7501299300275,Farma,FLAGENASE 400 MG C 30 CAPS,
399,7501050603997,Farma,QUADRIDERM NF CRA 30G,
400,7501258215053,Farma,BINOTAL 500MG C30 CAPS AMPICILINA,
401,7501943433359,Mark,ABSOR CH C/40,
402,3594450170064,Farma,ELATEC MPFF 1000MG SOBRES C30,
403,7503002615133,Farma,SOMERAL C100 ALFA CETOANALOGOS DE AMINOACIDOS,
404,7501868950702,Farma,VASO DIBAR 100ML ESTERIL,
405,3664798074680,Farma,ENTEROGERMINA 2 BILL C10AMP SUSP,
406,7501065010438,Farma,THERAFLU DAYTIME C10 FRUTOS DEL BOSQUE JUNIO 27,
407,7891317047733,Farma,CALCIGENOL DODLE SUSP 340ML,
408,7501022140659,Mark,KIT RICITOS DE ORO MZLLA 4PZ,
409,7501871720675,Farma,TAFIROL 1 GR C 20 TABS,
410,7501390910991,Farma,ITALDERMOL CRA 30G,
411,7502216930599,Farma,AVAPENA 5 AMP 20ML 96,
412,7501088509810,Farma,ANTIFLUDES PED GOTAS,
413,650240013775,Farma,UNESIA 100G UNG TB20G 2 PACK FEBRERO 28,
414,7501318645295,Farma,CANESTEN V DUAL 3 DIAS JULIO 27 24,
415,7501299300367,Farma,SENSIBIT 10 MG C 10 TB,
416,736085401226,Farma,FLUMETOL NF OFT GTS 5ML,
417,7501537103521,Farma,BRUNADOL PARACET/NAPROX 300MG/275MG C10 TAB BRULUART,
418,7501300408754,Farma,DAXON 500 MG C 6 TABL FEBRERO 27 100,
419,7501070903350,Farma,LIBERTRIM SDP SUSP PED30 ML,
420,7501299300794,Farma,CICLOFERON 400MG T35,
421,7501152111307,Farma,ARNICA MONTANA PAQ C 10,
422,7509546000350,Mark,C D COLGATE TRIPLE ACC 150ML FEB27,
423,7501008409503,Farma,REDOXON FTE 2 G EFER C 10 AGOSTO 27 200,
424,7501314704644,Farma,DURATER 40MG COMP C 10,
425,7501868902213,Farma,VENDA DIBAR 30 CM C 8 PZAS,
426,7501249605634,Farma,POSTDAY 2 TABL,
427,7501298281209,Farma,SEDALMERCK C 20 TABS,
428,7501159551014,Farma,PULMONAR OM C 10 AMP INGER 126,
429,3594455600153,Farma,ELATEC 1000MG TAB C30 TABS,
430,7501022141571,Mark,KIT RICITOS DE ORO AVE-VAIN C/4PZ,
431,7501033957871,Farma,SERC 24 MG C 30 TABS,
432,7501035906341,Mark,CRA NEUTRO B LIQ HID 400ML,
433,7501868900226,Farma,ALCO R 250ML C36 PZAS DIBAR,
434,1306881052251,Farma,B TRACET XL SOL C3 AMP KETOROLACO LIDOCAINA TIAMINA CIANOCOBALAMINA MEDICAM 500,
435,37501023108895,Farma + Mark,NEXCARE PIEL 2 5CM C12,Mismo código de barras en Farma y Mark; se unió en una publicación con la existencia sumada y el precio mayor
436,7501008499818,Farma,ASPIRINA 500MG C80 TAB BAYER,
437,7501094916985,Farma,GALVUS MET 1000MG 50MG C 30,
438,7501943488687,Mark,HU ALL AROUND UNI E6 C/40,
439,7509546072074,Mark,SH MENNEN MIEL-MZA SVE 700ML,
440,354312225027,Farma,DERMAN CRA 50 GR,
441,7500435169035,Mark,MOUSSE HERBAL ESS RIZO 200G,
442,8400005861,Farma,IMBALZA SOL AL 2% 2 5ML ALOPATADINA GRIN,
443,7501298215907,Farma,BICONCOR 5 6 25MG C 30TAB,
444,070942302289,Mark,ENJ BUC GUM PAROEX GING 300ML,
445,57891463003039,Farma,PLASTIPAK 5ML C100 VERDE,
446,7501299309339,Farma,LODESTAR DUO 100 5 MG CAP C30,
447,7501050610674,Farma,CELESTONE SOLUSPAN HYPAK,
448,7501092722373,Farma,DAGLA 50MG C30 TABS,
449,7509546655062,Mark,TAS HUM PALMOL N-BAL BABY0% C/80,
450,7502250342747,Farma,VITACILINA EMULSION CORP HIDRAT CLARITE TRIP EFECTO 200ML,
451,7501070634810,Farma,POSIPEN 500 MG C 12 CAPS,
452,7509546074511,Mark,SH MENNEN ZERO% SVE 700 ML,
453,7503006698323,Farma,MICRODACYN 60 SOL 240ML AGOSTO 27,
454,7501089804013,Farma,RECOVERON UNG 40GR,
455,7501298224176,Farma,GAVINDO N CAP C60 OCTUBRE 27,
456,7501001100001,Farma,METAMUCIL SBLE NJA 425 GR,
457,7501007459332,Farma,VICK INHALADOR BLISTER 0 5ML JUNIO 27,
458,7501125104268,Farma,ELECTROLIT 625ML FRESA MAYO 27 12,
459,7501258205221,Farma,CYRUX 200MG C28 TABS MISOPROSTOL SERRAL 132,
460,7501369200016,Farma,ESTOMAQUIL PVO C 20 SOBRES,
461,7501089809452,Farma,KAOMYCIN VERDE COMP SUSP,
462,020800753050,Farma,PEPTO BISMOL 236ML ORIGINAL,
463,7501300409584,Farma,AMINOEFEDRISON NF JBE 150ML 86,
464,7501008443026,Farma,ALKA SELTZER EXH C100 GRATIS 1 ALKA DEFENSE 500MG C50 ENERO 28 20,
465,7501125100130,Farma,SOL CS 1000ML PLAS PISA,
466,7501300450203,Farma,BACTRIM 400 80MG C30 TAB 130,
467,736085413601,Farma,KRYTANTEK PF OFTENO 20 5 2 MG 5ML DORZOLAMIDA TIMOLOL BRIMONIDINA,
468,7502009740992,Farma,CLAMOXIN 500 125 MG C10 AMOXI A CLAV MAVER,
469,736085904727,Farma,SOPHIXIN DX OFT 5ML,
470,7501125104411,Farma,ELECTROLIT 625ML COCO 12,
471,7501124819200,Farma,ENTRESTO 50MG CPR C30,
472,7502009749155,Farma,TRIMEBUTINA /SIMETICONA 200MG/75MG C/24 TAB MAVER,
473,7501019064760,Mark,TENA CALZ PANTS MAXIPRO MUJER G C/14,
474,785118753825,Farma,FIGRAL 100 C4 TABS SILDENAFIL MAVI 280,
475,7501314702701,Farma,REZPLEN 500MG 45MG TAB C10,
476,7509546674018,Mark,C D COLGATE LUMIN WHIT CARBON 66ML,
477,7501298223728,Farma,DOLO NEUROBION TAB C5,
478,7501125100123,Farma,SOL CS 500ML,
479,7501088505829,Farma,TROFERIT FLOW JBE 120ML,
480,7703331157506,Farma,YASMIN 21 GRAGEAS,
481,7501298223773,Farma,ILIADIN SPY AD 20 ML,
482,7501095451096,Farma,SAL DE UVAS PICOT C 10,
483,7501086311057,Farma,FERRICOL 30MG 500MCG TAB 30,
484,7502009746055,Farma,CLAMOXIN 12H 875 125MG C14T AMOXICILINA AC CLAV,
485,7501058715494,Farma,GRANEODIN F 8 75MG MIEL LIM C16 PASTILLAS,
486,7501070613440,Farma,AMOXIL 500 MG 12 CAPS 300,
487,7501008485408,Farma,TABCIN 500 MG EFERV C 12 150,
488,7501050623766,Farma,AFRIN NO DRIP SOL 15ML CSE CONGESTION SEVERA VERDE 36,
489,7501314701926,Farma,ADEL 500MG TAB C10 JUNIO 27 CLARITROMICINA,
490,7501314703685,Farma,JARSIX 100/5MG SOL 60ML,
491,7501590211232,Farma,POSTINOR TAB UNIDOSIS 1 5MG LEVONOGESTREL GEDEON RICHTER 192,
492,7501089810021,Farma,HERKLIN 60 SHAMPO,
493,7501070635756,Farma,STADIUM 25MG C10 TABS ABRIL 27,
494,7501008497593,Farma,ALKA S BOOST C10 TBS 150,
495,7503002163023,Mark,GEL X-TREME TRANSP 250 G,
496,650240013928,Mark,CRA TEATRICA SOL LAN ROS 400G,
497,7501089808936,Farma,ADIMOD 400 MG 7 ML SOL AGOSTO 27,
498,7501070600556,Farma,SYNCOL C24 500 25 15MG SANFER,
499,7501298205038,Farma,CONCOR 5MG GRAG C30,
500,7501314701889,Farma,CIPROFLOX DM 1G C7 TABS,
501,7509546000985,Mark,C D COLGATE TRIP-AC75ML PESP NOV26,
502,7501314705542,Farma,AFUMIX TAB C 4 TABS,
503,7501314704187,Farma,SENOSIAIN BEBE C 10,
504,4015630082988,Farma,ACCU CHEK EQ ACTIVE,
505,7501868902282,Farma,VENDA DIBAR 5CM C 24,
506,7501385420061,Farma,DANZEN 5MG C30 TABS,
507,7501086310418,Farma,DALVEAR 200ML AD MIEL LIMON 108,
508,7501080111455,Mark,TIN JUST F-MEN BARBA/B NEGRO,
509,7501385410055,Farma,HEMOSIN K FA C3 AMP 10MG HORMONA,
510,7501035908116,Mark,TCO MENNEN AZUL 100G,
511,7506442706096,Farma,DAPAGLIFLOZINA 10MG FRS C28 TAB CAMBER,
512,7506306215764,Mark,CRA PONDS CLARANB3 FPS30 FAC200G,
513,7501125104343,Farma,ELECTROLIT 625ML MANZANA FEBRERO 27 12,
514,7501868900714,Farma,DIBAR GASA MONARCA C100,
515,7501058368126,Farma,SICO ROJO SENS C3,
516,7501098611329,Farma,NEXIUM MUPS 40MG 14 TAB 80,
517,7501043162074,Farma,PERIOXIDIN COLUTORIO 200ML,
518,7501008499023,Farma,REDOXON A0X C10,
519,7502221012303,Mark,TAS HUM CLARIS DESMAQ ALOE C/40,
520,7501125174797,Farma,ELECTROLIT 625ML MORA AZUL 12,
521,013117019971,Mark,BBTIPS T6 40PZ,
522,5033439034211,Farma,AVAMYS 2A 120DIS SPY,
523,7501165011649,Farma,BUSCAPINA 10MG C24 TAB 192,
524,7501318608788,Farma,XARELTO 20 MG C 28 JUNIO 27 RIVAROXABAN,
525,383017678531,Farma,BD JGA ULTRA-FINE INSUL 0.3ML/30UI 31G/6MM C30,
526,7501065004000,Farma,CENTRUM GENDER MUJER C/60 TABS 50 MAS VIT Y MIN,
527,7509546007083,Mark,C D COLGATE TOTAL12 CLEAN MINT 50ML,
528,7503006698316,Farma,MICRODACYN 60 SOL 120 M,
529,7501124184797,Farma,KI CAB 50MG TEGOPRAZAN 30TAB,
530,7896116838995,Farma,DIANE 2MG/0.035MG C21 TABS CIPROTERONA/ETINILESTRADIOL BAYER,
531,7501065060891,Farma,CONTAC ULTRA C12 TBS,
532,7501868900578,Farma,DIBAR TEL ADH 2 5 X 5M C 9 4,
533,7501070613044,Farma,ANDANTOL 25GR JALEA,
534,7501017376971,Mark,SUAVE MED E3 C/14,
535,7896009400148,Farma,COREGA 40G MTA OCTUBRE 27,
536,7501007528427,Mark,CRA LUBRID REP/INT SENS 400ML,
537,7502227426715,Farma,ALGIDOL 600MG C10 CAPS IBUPROFENO GELPHARMA 294,
538,7509546072043,Mark,SH MENNEN 2EN1 PROTEINA 700ML,
539,7501054558675,Mark,CRA NIVEA LATA 20MLC/10+2GTS,"Nombre con 2 códigos en catálogo (7501054558675, 7501054554615); se usó el de mayor existencia"
540,7501035908130,Mark,TCO MENNEN AZUL 200G,
541,7501022112106,Farma,EXCELSIOR POM 8G,
542,7501050604000,Farma,QUADRIDERM NF 15G,
543,7501836009661,Farma,DUALGOS 325 200MG C20 TABS PARACET IBUPROFENO LIFERPAL,
544,7501065044822,Farma,SENOKOT-F SENOSIDOS A-B 17.2MG C30 TAB,
545,7501089809957,Farma,ADIMOD TAB 800MG C20,
546,7506425607808,Mark,TAS HUM HUGG SUPREM P-N C/80,
547,785118753962,Farma,FIGRAL 100 C10 SILDENAFIL MAVI,
548,7501125144851,Farma,ELECTROLIT 625ML UVA 12,
549,7501303457513,Farma,YASMIN 24 4 C 28 COMP,
550,7506460100111,Farma,SICO PIEL CON PIEL C3,
551,7502009340161,Farma,PENPROCILINA 800 000 U,
552,7501846501100,Mark,CERA MOD XIOMARA WAX&S 60 G,
553,7506425603404,Mark,TAS HUM ESCUDO ANTBAC C/50,
554,7501088504365,Farma,METEOSPASMYL CAPS 40,
555,7791293025797,Mark,DESOD AXE MEN DARK TEMP SPY150ML,
556,7502208895196,Farma,KY6 C10 CLORFENAMINA COMP BRULUART,Nombre en ventas con sufijo (2); se cruzó sin el sufijo
557,036000456103,Mark,GOODNITES UNISEX L-XL C/11,
558,7501065008336,Farma,PROCTO GLYVENOL CRA 30G,
559,17502224240656,Farma,AMBIDERM MED GUANTE EST C100,
560,7509546053875,Mark,C D COLGATE LUMIN WHITE 125ML,
561,7501056360429,Mark,TCO DESOD EFICC PIES 200 G,
562,7501122963707,Farma,ESPACIL COMP CAPS C 20,
563,7506306257597,Mark,REXONA 100GR TCO PIES EFFICIENT ORIG,
564,7506306249356,Mark,VASELINE PETRO PURO ORIGINAL 42G,
565,759684391255,Mark,POM LAB JALOMA V/SABO VITROL C/60,
566,7501943471337,Mark,TAS HUM KBB ABSORSEC C/90,
567,7501943488663,Mark,HU ALL AROUND UNI E5 C/40,
568,7501417006133,Farma,PASTA LASSAR 145G COYOACAN XIDO DE ZINC QUIMICA 72,
569,7501088508929,Farma,ANARA 5 MG C 20 TABS,
570,7503053829022,Farma,ARGLIPTIN-D 50/850MG C56 TABS SITAGLIPTINA/METFORMINA MEXAR PHARMA,
571,7501088579615,Farma,TOPRON CAP 400 MG C16,
572,7501314704965,Farma,LACTULAX JBE 250 ML,
573,7501035908123,Mark,TCO MENNEN RSA 100G,
574,7501314705153,Farma,ISOX 15D 100MG CAPS C15 ITRACONAZOL,
575,7509546000343,Mark,C D COLGATE TRIPLE ACC 100ML,
576,7501314704934,Farma,SPASMOPRIV 200MG CAP C24,
577,7501065054029,Farma,TUMS FCO SURT 750MG C48 TABS,
578,3664798067101,Farma,SINUBERASE COLITIS 4 BILL 5ML AMP C10,
579,7501070903749,Farma,DESPAMEN LBD PRELLE 50 2 5MG,
580,7501065001337,Farma,CALTRATE 600 D C30 TABS,
581,7501094917012,Farma,GALVUS MET 50 850 MG C60 COMPR,
582,7502001162426,Farma,ARDOSONS C20 CAPS INDOMETA BETAMET METOCARB SONS,
583,7501868920156,Farma,DIBAR GEL 1LT ANTIBACTERIAL 6,
584,7501082212143,Farma,CIALIS 20MG C1 TAB,
585,7501050610018,Farma,CELESTAMINE NS 5 0 25 MG C 10 JUNIO 27 240,
586,7501287631206,Farma,VIBRAMICINA 100MG CAP C10,
587,7506425648610,Mark,SUAVE CH E2 C/16,
588,7501070903688,Farma,LIBERTRIM SII 100 37 5 MG C 20 COMPR,
589,7506346600469,Mark,KOHN VASO COPRO,"Nombre con 2 códigos en catálogo (7506346600469, 7506346604726); se usó el de mayor existencia"
590,7501300407283,Farma,TRI VI SOL PED GTS 50ML 84,
591,7501019064524,Mark,TENA CALZ PANTS NOCT G C/10,
592,3664798062229,Farma,PHARMATON COMPLETE SUPLEM ALIM C/GINSENG G115+VIT Y MIN 773MG C30 BIOFARMA,
593,7502276040603,Mark,TCO MEXSANA MED 160G,
594,7891317019426,Farma,INCRESINA DUO 12.5 850MG C56 TABS ALOGLIPTINA/ METFORMINA EUROFARMA,
595,5000174003963,Farma,FIXODENT FRESH PAST 40ML,
596,7501298219608,Farma,DABEX 850MG C30 TABS AGOSTO 27,
597,4046222301613,Farma,HEPA MERZ C30 SOBRES,
598,7501019053283,Mark,TENA SLIP NOCT GDE C/8,
599,7501868900264,Farma,ALCO R 125ML C48 PZAS DIBAR,
600,7501019051647,Mark,TENA SLIP COMFORT GDE C/10,
601,7502208894557,Farma,CEFTRIAXONA 1G SOL INY BRULUAGSA 72,
602,7501088575600,Farma,TOPRON SUSP 4 4 G 120 ML,
603,7501165010727,Farma,HISTIACIL FAM INF 140ML 42,
604,75001872,Mark,BRILL PALMOL LIQ 52ML,
605,7501289511421,Farma,PASTA LASSAR 30GR TARRO ANDROMACO,
606,7501390912209,Farma,UROCLASIO NF JBE150 ML,
607,7509546077253,Mark,DESOD STEFANO ROY MEN SPY 113G,
608,7501088505836,Farma,TROFERIT FLOW 30 30MG TAB C15,
609,7502009745898,Farma,FLAUSIVER 450MG 50MG C20 TABS DIOSMINA HESPERIDINA MAVER,
610,7791293025810,Mark,DESOD AXE MEN FUSION SPY 150ML,
611,7502214982965,Farma,PRUDENCE VITRO C100 CLASICO,
612,7501314705535,Farma,EVIPRESS 10MG C30,
613,7350012552138,Farma,BIOGAIA PROTECTIS GOTAS 5ML JUNIO 27,
614,7501070903473,Farma,CIPROLISINA 220 ML,
615,7501314701742,Farma,FOSFOCIL SUSP 250MG 60ML,
616,7501165001725,Farma,ALLEGRA 180 MG C 10 COMPR JULIO 27,
617,7501314703661,Farma,JARSIX 5.0/0.25MG TAB C10,
618,7501088507908,Farma,SUMA B SOL INY,
619,7501008443033,Farma,ALKA SELTZER C 12 TABS 150,
620,7506425625574,Mark,TAMPONES KOTEX UNIK SUPERPLUSC/12,
621,7509546029153,Mark,DESOD LADYSS FLORAL FRESH GEL 65GN,
622,7501868901124,Farma,ALCO A 500ML C24 PZAS DIBAR,
623,7891317027513,Farma,KEFLEX 500MG C12 TABS CEFALEXINA EUROFARMA,
624,7501035911567,Mark,C D COLGATE MFP II 50ML,
625,75017255,Farma,SOLUTINA F GOTAS 15 ML BLISTER JULIO 27,
626,7891317019747,Farma,NENE DENT 10 G AGOSTO 27,
627,7501125149221,Farma,ELECTROLIT 625ML FKIWI,
628,7502214980824,Farma,PRUDENCE 2 PACK PROMO EXTRATIME Y ZERO C3 OFERTADO 25%,
629,7791293025803,Mark,DESOD AXE MEN EXCITE SPY 150ML,
630,7501124819224,Farma,ENTRESTO 100MG CPR C60,
631,7501273500134,Farma,OLEODERM CREMA 225ML,
632,7501125118296,Farma,FLUONING 500MGTAB7,
633,7502224228060,Farma,KITOSCELL 3 5GR GEL,
634,7501072600172,Mark,CEP DENT CLINIC INTER ORTHO MED38 C12,
635,020800790222,Farma,METAMUCIL PVO NAT 210G,
636,7506460101514,Farma,SICO SOFTLUBE GEL LUBR INTIM SUAVIDAD Y CONFORT ORIGINAL 56.7G,
637,7501070612993,Farma,CLAVULIN 12H 875 125MG C15,
638,7501201401458,Farma,REFRESH FUSION GTS OFT 10ML,
639,7501125109928,Farma,SOLDRIN OTICO GTS C 10 ML,
640,041333760643,Mark,DURACELL AA BLISTER TIRA PILA 5 PZS,
641,7501125139543,Farma,COMBESTERAL AMP C3/JGAC3,
642,7501300420541,Farma,ALIREN C24 TABS 144 MAYO 27,
643,7501159580021,Farma,PULMONAR OM C 20 AMP JUNIO 27,
644,7509546071558,Mark,DESOD NEUTRO B AP SPY 91 G,
645,7506627400269,Farma,DAPAGLIFLOZINA METFORMINA 10MG/1000MG LIB PROLONGADA FRC 28TAB MSN,
646,7506425605880,Mark,HUG PULL-UPS NINO XL C/30,
647,7501080912083,Farma,STERIMAR SOLUCION C 50 ML,
648,7501033923234,Farma,NORFENON 150MG 30TAB,
649,7509546017389,Mark,SH PALMOL OPT EXTIN 2EN1 700ML,
650,7501019030048,Mark,TENA SLIP MED C/10,
651,7501070636531,Farma,OMURO TAB C30 40MG,
652,7501314701704,Farma,FOSFOCIL 250MG SUSP 120ML,
653,7501314701612,Farma,BREDELIN 500MG TAB C 7 LEVOFLOXACINO,
654,7501300408358,Farma,DIMEFOR G 500 5MG C 60 TABS RECUB 120,
655,7501868901117,Farma,ALCO A 250ML C36 PZAS DIBAR,
656,7509546072272,Mark,C D COLGATE KIDS FRESANTASTICO 50G,
657,7501328977737,Farma,MONUROL GRAN SOB 3G C1 JULIO 27,
658,7501289511414,Farma,PASTA LASSAR 60GR TARRO ANDROMACO,
659,7501300407290,Farma,POLY VI SOL PED GTS 50 ML 84,
660,17501073025391,Farma,PLASTIPACK 3ML C100 VERDE,
661,650240013805,Farma,ALLIVIAX 550 MG C 10 TABS,
662,7501001248062,Farma,VICK INHALADOR C 12 AGOSTO 27,
663,7501065001634,Farma,CALTRATE 600 D C60 TAB,
664,7501080111325,Mark,TIN JUST F-MEN NEGRO 60 ML,
665,7501048623006,Mark,DESMAQ PADS PROTEC C/GLIC 100 PZS,
666,7501299306130,Farma,SUPRADOL C 4 SUBLINGUAL,
667,7501328979496,Farma,HISTIACIL NF INF JBE 150 ML 42,
668,7501027512758,Mark,BIB EVENFLO ZOO 2 ONZ,
669,7501035911017,Mark,C D COLGATE MFP 150ML,
670,7503002057810,Farma,THE SENSUAL TEA ZISEN C 2 TABS,
671,7506306249059,Mark,VASELINE BEBE PETRO PROT SVE 213G,
672,840149675727,Farma,VIAGRA 100MG C1 TAB,
673,300651431681,Farma,SYSTANE ULTRA GTS 10 ML,
674,7509546068909,Mark,C D COLG TRIPL-ACC EXTBL 50ML,
675,7501868902268,Farma,VENDA DIBAR 10 CM C 18,
676,7506425664535,Mark,TAS HUM SUAVELASTIC C198,
677,7501070612436,Farma,TREDA C30 TAB 156,
678,7501165011656,Farma,BUSCAPINA FEM 20 400MG C10 TABS OPELLA 120,
679,7501298219981,Farma,FLORATIL 250MG CAP 12,
680,7501080912076,Farma,STERIMAR SOLUCION 100ML,
681,7501314701759,Farma,FOSFOCIL C6 CAP 500MG AGOSTO 27,
682,7501064560163,Farma,IODEX CRISTAL 24,
683,7501299307694,Farma,SELTAFERON 75MG C10,
684,7501314702749,Farma,ARFLA 200MG TAB C12,
685,7502209710108,Farma,LYSOMUCIL T 20 600MG EFER SEPTIEMBRE 27,
686,7501065095978,Farma,CENTRUM PERFORMANCE C30 TABS,
687,7502250343072,Farma,VITACILINA 28G 2X1,
688,020800756440,Farma,PEPTO BISMOL 118 ML CEREZA SEPTIEMBRE 27,
689,7501318697409,Farma,CANESTEN V1 DIA OV1 500MG 63,
690,7501258215046,Farma,BINOTAL 1GR C28 LAKESIDE 63,
691,4015630006779,Farma,ACCU CHEK SOFTCLIX C 200 LANCETAS,
692,7501056346058,Mark,CRA PONDS CLAR B3 FPS15 T100,
693,7501001168933,Farma,VICK 44 AD INF 240 ML,
694,7501314701650,Farma,BREDELIN 750MG TAB C7,
695,7503003738404,Farma,ROSEL C24 CAPS 50 300MG AMANTADINA CLORFENAMINA PARACETAMOL WERMAR 128,
696,7501125100116,Farma,SOL CS 250 ML PLAST PISA 24,
697,7509546073767,Mark,DESOD STEFANO BLACK SPY 113G,
698,7501088509902,Farma,GITRASEK C12 CAPS,
699,7501089800664,Farma,ATEMPERATOR LP 600MG C20 TABS,
700,7501124184018,Farma,LACTEOL FORT C16 CAPS 10MIL MILL,
701,7509546073774,Mark,DESOD STEFANO SPAZ SPY 113G,
702,1306881052183,Farma,NEURODEX C12 TABS DEXAMETASONA COMPLEJO B MEDICAM,
703,7501314704149,Farma,SENOSIAIN AD C 20,
704,7501123011209,Farma,CARDISPAN TABL 1G MASTIC,
705,7501070903572,Farma,DOSTEIN 300MG CAPS20,
706,354312625018,Farma,ROCAINOL CREMA 45 GR,
707,7501326001137,Farma,JANUVIA 100 MG C 28 COMPR,
708,7501027565518,Mark,PROTEC LACT EVENFLO ABSORG C/48,
709,7501871720606,Farma,GESLUTIN 100MG C 30 PERLAS,
710,073796712105,Farma,BAUMA BZO 7121J OMRON,
711,7501088575396,Farma,TROFERIT JRB 120 ML,
712,7501124186203,Farma,LIBERTRIM ALFA C12 CPR,
713,7791293033471,Mark,DESOD REXONA EFFI ORIG PIES 153ML,
714,7506425625550,Mark,TAMPONES KOTEX UNIK SUPER C/12,
715,7502253604804,Mark,BLOQ FOTOSUN UV 100 BLOQ FOTOSUN UV 100 50+ FPS MINIONS 14G,
716,7506306226739,Mark,DESOD AXE MEN CONVICT SPY 150ML,
717,7501299300909,Farma,DAFLOXEN F C 16 TABL,
718,7501318644335,Farma,CANESTEN 1 CRA 30 GR TOP 100,
719,7501417007550,Farma,PASTA LASSAR 50G COYOACAN OXIDO DE ZIN QUIMICA,
720,7501298219509,Farma,DABEX 500 MG C 60,
721,7506425601790,Mark,TAS HUM KIMBIES DZNOALOE C90,
722,7501871720774,Farma,CONTUMAX 255G SOB C 15 17GR,
723,7891317027506,Farma,KEFLEX 500MG C21 TABS CEFALEXINA EUROFARMA,
724,7501054556862,Mark,CRA CORP NIVEAMILK 400ML+CRA100ML,"Nombre con 2 códigos en catálogo (7501054556862, 7501054558682); se usó el de mayor existencia"
725,7501056330286,Mark,CRA CLARANT B3 NML/SCA 400G,
726,650240039706,Farma,MEDICASP SH 130ML C2,
727,041333404486,Mark,PILA DURACELL ALK AAA C/4+1GTS,
728,8430308001379,Farma,DIMOFLAX 0.5/200MG C45 CAPS,
729,7509546061665,Mark,DESOD SPEED S XTREM INTEN GEL 85G,
730,7503027446279,Farma,GELUBRIN 600MG C10 CAPS IBUPROFENO PROGELA 280,
731,7501065020970,Farma,PROCTO-GLYVENOL SUPOSITORIOS C5 TRIBENOSIDO/LIDOCAINA 400MG/40MG,
732,7509546029139,Mark,DESOD SPEED S 24/7COOL-NIG STIK 85G,
733,7501300421531,Farma,DOLAC 10 MG 20 CAPS DE GEL,
734,3592619321609,Farma,DEXERYL CREMA 500ML EMOLIENTE PIEL SECA A MUY SECA 500G,
735,7502214983375,Farma,LEVONORGESTREL C1 TAB COMPRA 5 PIEZAS GRATIS LA SEXTA PRUDENCE,
736,7501318649071,Farma,BAYCUTEN CREMA 30 G,
737,7501059225350,Mark,NIDO KINDER 800G FEB27,
738,7501058367129,Farma,SICO NEGRO SAFETY C3,
739,7501033962530,Farma,ENSURE ADV 237ML CAFE 16,
740,7501054503095,Mark,CRA NIVEA SDA TARRO 100 ML,
741,7501034605115,Farma,JARDIANZ 25MG TAB C30,
742,7502214980015,Farma,PRUDENCE C3 CLASICO 526,
743,7501088504501,Farma,METEOSPASMYL C 20 CAP,
744,7502208894779,Farma,TRIBEDOCE C30 TABS 100/5 MG BRULUAGSA 288,
745,7501298214375,Farma,DENVAR 400MG C6 CAPS,
746,070330717541,Mark,BIC TIRA ADVANC TIRA RASTRILLO 12 PZS OFERTA 20%,
747,7501008495339,Farma,TABCIN 500 MG EXH 60 36,
748,7501300407023,Farma,DOLAC SUBL C 4 TAB 448,
749,7501070613549,Farma,AMOXIL SUSP 250MG 5M,
750,7501583300325,Farma,UTROGESTAN 200MG CAPS14 PROGESTERONA,
751,7501314702756,Farma,ARFLA 200MG C28 TABS ORAL CAJA,
752,7509546687353,Mark,C D COLGATE MFP CALCI-PROT 90ML,
753,7791293025780,Mark,DESOD AXE MEN APOLLO SPY 150ML,
754,7501299307144,Farma,LODESTAR ZID 50 12 5MG TAB REC 30,
755,354312225010,Farma,DERMAN CRA 25 GR,
756,383017491338,Farma,BD JGA ULTRA-FINE 0.3ML/30UI 31G/6MM C10,
757,7501298244808,Farma,GLUCOVANCE 500 2 5 MG C 60 TABS,
758,7501168810508,Farma,URSOFALK 250MG C50 ACIDO URSODEOXICOLICO0,
759,7501070615451,Farma,ZANIDIP 10MG C 30 TAB,
760,7501054500193,Mark,CRA NIVEA SDA TARR GDE 200ML,
761,7501573900115,Farma,BIOMESINA COMP 10 250MG C 10 TABS BUTILHIO METAMIZ BIOMEP,
762,7500435253536,Mark,TAMPONES TAMPAX PEARL SUPER PLUS C8ABS,
763,7501314701834,Farma,CIPROFLOX 500MG C6 CAPS,
764,7501846503777,Mark,CERA XIOMARA MOLDE RING WAX&S 60G,
765,7501088507854,Farma,GABIROL 100MGR CAP C 14,
766,7501124103323,Farma,CYCLOFEMINA25 5MG PRELLE,
767,7501008499177,Farma,ELEVIT 2 OMEGAS 28CAPS BAYER,
768,7506484500447,Farma,CINTAPORE PIEL 2 5CM 9 2METROS C12,
769,7501019036422,Mark,TAMPONES SABA COMPAC SUPEPLUS C/10,
770,7501390911035,Farma,ITALDERMOL OVU C6,
771,7501100088170,Farma,TYLENOL SUSP INF 120ML,
772,7501299308806,Farma,CONTINENTAL 10MG TAB C20,
773,7501299335017,Farma,QUIMARA-1 CRA 5% 3G,
774,7501022101681,Farma,REUMOPHAN VIT 50/250MG C20 TABS AGOSTO 27,
775,7501070615321,Farma,DAFLON DIOSMINA/HESPERIDINA 1000MG C/30TAB SANFER,
776,7501125140723,Farma,NAXIFELAR 250MG 5ML SOL 100ML JUNIO 27,
777,7500435145497,Farma,NYQUIL Z 25MG 30CAPS,
778,7501070903619,Farma,DOSTEIN SUSP 175MG 90ML,
779,7501008409534,Farma,SARIDON C100 TABS JUNIO 27 GRATIS 1 ALKA DEFENCE NOVIEMBRE 27 80,
780,7502216934474,Farma,CUYULID 70MG/5600 UI CPR C4,
781,7791293035895,Mark,DESOD REXONA EFFI A-PRO PIES153ML,
782,7501871720941,Farma,COMENTER 30 MG C30 TABS,
783,7501080912274,Farma,STERIMAR SPRAY BEBE 50 ML,
784,7501072670007,Mark,CEP DENT CLINIC ORTHODONCIA,
785,7501123011803,Farma,FITOESTIMULINA OVULOS C 6,
786,7501072300157,Farma,TING CREMA 72 G,
787,7501165006171,Farma,ALLEGRA SUSP 150ML 20,
788,4015672113985,Farma,BAUMA BZO HEM 7146 30 MEMORIAS ENTRADA P/ELIMINADOR OMRON,
789,7501056326173,Mark,CRA S PONDS HUMECTANTE 400 G,
790,7501006842104,Mark,POM LAB GOLBA SURTEXH TB60,
791,7501007535487,Farma,MOTRIN GTS PED FSA-FRA GTS 150ML NOVIEMBRE 28,
792,7501300407054,Farma,FEBRAX SUPOSITORIOS 252,
793,7501125175596,Farma,AMOXICLAV BID SUSP 400MG 57 14MG SEPTIEMBRE 27,
794,354312225133,Farma,VITACILINA 28GR,
795,7501086494262,Mark,CEP DENT ORAL-B INDICAT35SVE,
796,7501314704712,Farma,UNAMOL 10MG COMP C 30 CISAPRIDA,
797,7501471800029,Farma,KLONAZA 80/80/125MG C/20CAPS,
798,7501065095947,Farma,CENTRUM SILVER 50MAS C30,
799,37501023108888,Farma,NEXCARE PIEL 1 25CM C24,
800,650240005398,Farma,SILKA MEDIC 30 GR GEL,
801,4001895928765,Farma,TEGADERM 10X12CM C50,
802,1306881052244,Farma,DEXCLOR C 12 TAB DEXAMETASONA CLORFENIRAMINA MEDICAM,
803,7501035911376,Mark,C D COLGATE TOTAL 150 ML,
804,7506306249042,Mark,VASELINE PETRO PURO ORIGINAL 85G,
805,7502250343065,Farma,VITACILINA 16G 2X1,
806,7501565609521,Mark,GASA SIMPLE GALIA EST 10X10 C/10,
807,7502253604798,Mark,BLOQ FOTOSUN UV 100 50+ FPS BARRA 20G,
808,7501056330316,Mark,CRA CLARANT B3 NML/GSA 200G,
809,759684901409,Mark,JALOMA SUPER PUNCH 250ML FIJADOR,
810,7501299300251,Farma,FLAGENASE 500 MG C 30 TABS,
811,7501314701353,Farma,BIOMICS 50ML SUSP 100 MG 5ML CEFIXIMA,
812,7501314701698,Farma,FOSFOCIL 500MG C 24 CAPS FOSFOMICINA SENOSIAIN,
813,7501300421524,Farma,DOLAC 10MG C10 CAPS 280,
814,7501035911062,Mark,C D FRESKA-RA 4D FORTIDENT 100ML,
815,353885771504,Farma,ONE TOUCH ULTRA TIRAS REAC C50,
816,7501299303085,Farma,CICLOFERON PIEL 2 GR 180,
817,7500435230445,Farma,NYQUIL Z 25MG 10CAPS,
818,7509546655000,Mark,MOUSSE CAPRICE RIZOS DEFINI 200G,
819,7501080111226,Mark,TIN JUST F-MEN CAST OBS 60ML,
820,7502241941935,Farma,JANUMET XR 50 1000MG C56 TABS,
821,7501054500254,Mark,CRA NIVEA SDA TARR JUMB 500 ML,
822,3664798064704,Farma,PHARMATON COMPLETE KIDS JRB CON LISINA + VIT Y MIN SB FRUTAS 100ML,
823,7501846504569,Mark,CERA XIOMARA TELARANA WAX&S 60G,
824,7500435131834,Farma,PEPTO BISMOL MAST C12TAB,
825,7501314701285,Farma,ZEDESEN 400MG CAP C10 JUNIO 27,
826,7506306213906,Mark,DESOD AXE ICECHI E-FRIO SPY 150ML,
827,7800005082024,Mark,HILO SDA ORAL-B CERA,
828,7501088507915,Farma,KOPTIN 900 MG SUSP,
829,7502256732016,Farma,OXIMETRO DE PULSO INHALACARE HOMECARE,
830,20041333666420,Mark,PILA DURACELL ALK AA C/6,
831,785118754204,Farma,MAVIGLIN 500 5MG C60 TBS METFORMINA GLIBENCLAMIDA MAVI,
832,7501871720682,Farma,TAFIROL FLEX TAB30 JULIO 27,
833,7506376000260,Mark,CRA VITACILINA FAC ACLARADOR 100G,
834,7500435252317,Farma,DOLO NEUROBION RETARD C10,
835,7501165011694,Farma,ISODINE BUCOFARINGEO 120 ML AGOSTO 27,
836,7501027553683,Mark,SET EVENFLO PEINE Y CEPILLO ZOO,
837,312547321815,Mark,ANTISEP LIST COOL M 500ML,
838,7501825300724,Farma,PROXALIN PLUS C16 TABS PARACET NAPROX DEGORTS 190,
839,7501314703647,Farma,DIMEGAN D JBE 60ML VSO INF,
840,7501287678034,Farma,BONADOXINA 25 MG C 25 T,
841,7509546056432,Mark,DESOD SPEEDS 48H PRO ADN GEL 85GN,
842,7501326004954,Farma,JANUMET 50 1000 C 56 TBL MAYO 27,
843,7501001245214,Farma,METAMUCIL INST NJA 5 8 SBS,
844,7501035911796,Mark,COL MENNEN 200 ML,
845,7702035457639,Mark,CRA LUBRIDERM UV FPS15 400ML,
846,736085412734,Farma,GAAP PF OFT 0 005 SOL 3ML,
847,7501846505283,Mark,CERA XIOMARA MOLDE MATE WAX&S 60G,
848,7501008409572,Farma,BEROCCA CAL MAG C 10 COMPR OFERTADO 10% 200,
849,7501249602022,Farma,PREVITA MOM C30 CAPS DHA EPA A FOLICO VIT D CALCIO HIERRO IFA,
850,7509552828030,Mark,MASC FRUCTIS CAB DANAD COCO350ML,
851,7501846504859,Mark,POM XIOMARA BAR-BIG-CAB BLACK 60G,
852,7501089802071,Farma,BRAXAN 200MG CPR C20,
853,7501088575495,Farma,TROFERIT 30 MG C 15 TABS,
854,7506376000253,Mark,CRA VITACILINA FAC ANTIARRUGAS 100G,
855,7501054558965,Mark,CRA NIVEA TARRO 400ML+LTA 50ML N,
856,7501125101069,Farma,FICONAX 1G C 30 TABS METFORMINA 1G PISA,
857,7501086310401,Farma,DALVEAR 200ML INF ML MIEL LIMON,
858,7502239732071,Farma,PBA EMB PREBIOS C 1 LABORATORIOS RAPIL,
859,7501035908147,Mark,TCO MENNEN ROSA 200G,
860,7509546029825,Mark,DESOD NEUTRO B R-ON 65 ML,
861,7501298204970,Farma,DABEX 1GR C30 TABS,
862,8850006935033,Mark,TCO MENNEN BB MAGIC HIP AZUL 400G,
863,7501088545658,Farma,MYDOCALM A CAP 30 300MG TOLPERISONA PARACETAMOL,
864,7506306244795,Mark,DESOD AXE INTENSE 48H SPY 150ML,
865,7501001353377,Farma,PEPTO BISMOL CZA C24 TBS,
866,7501022103166,Mark,SH GRISI RICITOS ORO 250ML,
867,7501054549796,Mark,CRA CORP NIV MILK N EX/SECA 100ML,
868,7501293200946,Farma,PYLOPAC C 7 CARTERAS,
869,093815996491,Farma,FREESTYLE OPTIUM C50 TIRAS REACTIVAS,
870,650240019999,Farma,LOMECAN V 3 OVULO VAG 3,
871,7501007532349,Farma,DRAMAMINE JBE 250MG 42,
872,650240006647,Farma,BENGUE UL GEL 35 GR ROJO,
873,7501008426944,Farma,FLANAX GEL 5 5 TUBO 40 GR 108,
874,008400003218,Farma,OBRYDEX 3 1 MG SOL OFT 5 ML,
875,17501073025414,Farma,PLASTIPACK 3ML C100 NEGRA,
876,7501065054043,Farma,TUMS SURT C3,
877,7501318608191,Farma,XARELTO 15MG C 28 COMP MARZO 27 RIVAROXABAN,
878,7501056330491,Mark,CRA PONDS REJUVE ARRUG 100 G,
879,300651510577,Farma,SYSTANE HIDRATACION SP 10ML MARZO 28,
880,7506352500043,Farma,POSTINOR PBA DE EMBARAZO ULTRA SENS 100,
881,736085400519,Farma,SOPHIXIN OFT SOL GTS 5ML,
882,37501023108819,Farma,NEXCARE TRANSPORE 2 5 CM X9 1M,
883,650240065293,Farma,NEXT-FWD ANTIVIRAL 375/50/3MG C/24TAB SELSER,
884,7502256729054,Farma,OXIMETRO AD PANT LED JPD 500E HOMECARE,
885,7501390911042,Farma,ITALDERMOL GASA C3,
886,7501088505355,Farma,ALIN OFT 90 3 5 50 MG GTS,
887,7509546060460,Mark,DESOD LADYS S POWFRESH STICK 45,
888,7501273500233,Farma,OLEODERM PLUS 225ML CRA,
889,7501008496701,Farma,ASPIRINA EFERV TAB C 12 150,
890,7506460100890,Farma,GRANEODIN F MIEL LIMON C24 PASTILLAS,
891,7501101627507,Farma,DOLO TIAMINAL CAPS C 24,
892,7501318687332,Farma,NOVAMIL RICE 400G,
893,7590002037157,Farma,VICK 44 AD EX MIEL 120ML,
894,7501056330378,Mark,LOC LIMP PONDS BIO-HYDRA DUAL 200ML,
895,7501088509926,Farma,GOTINAL AD 15ML,
896,7501943471603,Mark,TAS HUM DEPEND S/ALCOHOL C/42,
897,7501314703432,Farma,EXEL 15MG CAPS C 10 MELOXICAM,
898,7501048351077,Mark,PROTEC LIMA-LIMON 1LT 1 PZA GEL ANTIBACTERIAL,
899,7501300421555,Farma,DALVEAR 120ML INF FRESA OCTUBRE 27 108,
900,7501019032424,Mark,TAMPONES SABA COMPACTOS SUPER C/10,
901,037836012334,Farma,CAPENT 45GR POMADA,
902,7501299307526,Farma,PRESONE1 5MG TAB C30 SEPTIEMBRE 27,
903,7501385494246,Farma,DEBROMU 40MG TAB C30,
904,7509546078434,Mark,DESOD STEFANO ALP MEN SPY 113G,
905,7501943441408,Mark,ABSOR JUM C/14,
906,7500435168991,Mark,MOUSSE HERBAL ESS EXTR CONT 200G,
907,7509546686776,Mark,SH CAPRICE LIMP REFR CASPA 200 MLN,
908,7500435141796,Mark,DESOD OLD SPICE MAR PROF SPY150ML,
909,7501165007833,Farma,APROVASC 300 5MG TAB C28,
910,7501300421821,Farma,ZIVATA-DUO DUTASTERIDA/TAMSULOSINA 0.5MG/0.4MG C 30 CAP,
911,7501685171113,Farma,SICO U SENSE INV C3,
912,7501056330569,Mark,CRA PONDS REJUVE ARRUG 400 G,
913,7501298217673,Farma,DEXABION DC PREINY 1 X 3 ML,
914,7501303458503,Farma,PRIMOTESTON DEPOT 250MG AMP TESTOSTERONA SEPTIEMBRE 27,
915,7891024183090,Mark,HILO DENT COLGATE TOTAL ENC 2X25M,
916,7501314701957,Farma,ADEL 250MG SUSP 60ML CLARITROMICINA,
917,7502276040375,Farma,DESENFRIOL D C12 TABS 162,
918,300650481779,Farma,SYSTANE COMPLETE 10ML JUNIO 27,
919,7502221181337,Mark,DEO BRUT 150ML SPY CLASSIC,
920,7702031244509,Mark,CRA LUBRIDERM P NORMAL 400ML,
921,7501065085528,Farma,VOLTAREN EMULGEL 50G,
922,7501868920163,Farma,DIBAR GEL 500ML ANTIBACTERIAL 12,
923,4015672111097,Farma,BAUMA MUÑ RS1 HEM 6160E OMRON OFERTADO,
924,8436043011024,Farma,PLENAFEM C30 LIOMONT,
925,7501027515230,Mark,BIB DISNEY EVENFLO CUE-A 3EN1,
926,7501098606127,Farma,VANNAIR 160 4 5MCG 1AER,
927,7501289511469,Farma,PASTA LASSAR 110 TBO ANDROMACO,
928,7501871730339,Farma,NULYTELY PVO SOB 4 110 1G CZA NOVIEMBRE 26,
929,7506022331502,Farma,DIFLOSENSI 10MG C28 TAB DAPAGLIFLOZINA JAYOR,
930,383017678630,Farma,BD JGA ULTRA-FINE INSUL 0.5ML/50UI 31GX6MM C30,
931,7501299306352,Farma,SUPRADOL 10 MG C 10 TABS,
932,4607009581187,Farma,ANAFERON C20 TAB,
933,7501124820640,Farma,PATANOL OLOPATANOL 0.2% SOL 2.5ML NOVARTIS,
934,7501287621009,Farma,ALDACTONE 100MG TAB30 SEPTIEMBRE 27,
935,7501299307595,Farma,QUIMARA-1 CRA 5% 5G,
936,7501369200030,Farma,VINO DE CUASIA HIGIA 400ML,
937,7506359300615,Farma,ESTERICIDE ANTISEP SOL FCO C AT 120 ML SEPTIEMBR 27,
938,7502224510035,Mark,SILICA SEDA PURE 3N1 UVA 120 ML,
939,37501023108857,Farma,NEXCARE BCO 2 5CM C12,
940,7841141003726,Farma,PRIKUL 75MG CAP C28,
941,7506425605903,Mark,HUG PULL-UPS NINA XL C/30,
942,7501035909014,Mark,DESOD STEFANO SPAZIO STICK 60G,
943,7501019064517,Mark,TENA CALZ PANTS NOCT CH-M C/10,
944,7506205809323,Farma,ENFAMIL 2 PREMIUM 800GR 6 A 12 MESES MARZO 27,
945,7501056330255,Mark,CRA CLARANT B3 NML/SCA 50 G,
946,7506425625536,Mark,TAMPONES KOTEX UNIK REGULAR C/12,
947,7501125115479,Farma,SOL CS 100ML PISA 50,
948,7501201400581,Farma,COMBIGAN D SOL OFT 5ML,
949,7501033954412,Farma,CONTROLIP 160MG CAP C30,
950,7501056346270,Mark,LOC LIMP PONDS CLARANT B3 200ML,
951,7501007535432,Farma,TYLENOL 500MG C10 PARACETAMOL SEPTIEMBRE 28,
952,650240007408,Farma,SILKA MEDIC 15 GR GEL,
953,7501537102586,Farma,BRULIN AMP C 3 DEXAMETASONA BRULUART,
954,020800790246,Farma,METAMUCIL PVO 504G NATURAL AGOSTO 27,
955,7501299300763,Farma,ECTAPRIM F TABS 160 800 MG C 14,
956,7503046131866,Farma,SOLDRIN OFTALMICO 1MG/3.5MG/1ML 10ML,
957,7891010031053,Mark,AC JOHNSONS BABY 200ML,
958,7509546057545,Mark,DESOD LADYSS PRO 5EN1 STICK 45G,
959,7506425665433,Mark,TAS HUM HUGG BLACK LABEL C/56 C8,
960,1306881057034,Farma,NEUROCER ACIDO GLUTAMICO NEURO-CEREBRAL C/30 MEDICAM,
961,7501390911004,Farma,ITALDERMOL G CRA 30G,
962,7509546052632,Mark,CEP DENT COLGATE TA+C D T ACC 75ML OCT26,
963,7501109760039,Farma,PARCHE POROSO ALKOCS MAYO 27 SILICATO DE METILO PIMIENTA CAYENTA PERRIGO,
964,7501033961298,Farma,ULCODERMA 0.6UI/0.01G UNG 30G,
965,7502235760337,Farma,INOFOLIC HP SUP ALIM C60 EXELTIS,
966,7502254073821,Mark,DESINFEC ANTIB GLESOL FRESH 443ML,
967,7501125112881,Farma,PISACAINA 2 FCO AMP 50ML,
968,7501088504198,Farma,VENOFERRUM C1 AMP SACARATO FERRICO 100MG/5ML CHINOIN,
969,736085048063,Farma,TRAZIDEX UNGENA 3 5G AGOSTO 27,
970,7506306203044,Mark,DESOD AXE KILO SPY 150 ML,
971,7501056346065,Mark,CRA PONDS CLAR B3 TAR 200G,
972,7509552828962,Mark,MASC FRUCTIS CAB SECO AGUACA350ML,
973,7509546077260,Mark,DESOD STEFANO COS MEN SPY 113G,
974,7501027565846,Mark,TAZA ENT EVENFLO F-PLA B-SVE 100Z,
975,7509546009179,Mark,C D COLGATE MFP 75ML,
976,7506425661893,Mark,MOVILASTIC XJ 6 C40 4,
977,7502209710177,Farma,DIASPORAL 300MG SOB C20,
978,7501299306765,Farma,MACROZIT 500MG C 3 TABS,
979,7501471800272,Farma,LIPOVITASI C/30 COMPR CARNITINA/METIONINA/TIAMINA 300MG/25MG/25MG TAB ATLANTIS,
980,036000180800,Mark,HUG GOOD MED 11,
981,7502224511629,Mark,SILICA SHINE SIL 3/1 UVA 120 ML,
982,7501048623068,Mark,PADS SUALGODON FACIAL REDON C/100,
983,4104480706196,Farma,PANOTO S JBE 200ML 20,
984,7501050699990,Farma,CELESTAMINE NS JBE PED 60 ML JULIO 27 GRATIS 1 CLARITYNE SOL 60ML MARZO 27105,
985,7501537102845,Farma,NEDICLON 100MG C 20 TABS DICLOFENACO BRULUART,
986,7501019064753,Mark,TENA CALZ PANTS MAXIPROT MUCH/M14N,
987,7501070903411,Farma,DESPAMEN 100 5 MG JGA PRELL,
988,7502216931220,Farma,ACC 200MG C20 TABS EFER,
989,7501089809315,Farma,ESKAPAR COMP SUSP 120ML,
990,7501035907508,Mark,DESOD SPEED S FRESH STICK 60G,
991,7501019040719,Mark,TAS SANIT U-INV B-NOC XLGA ALAS22,
992,7501026423109,Mark,TERNURA 2 PZS CALENTADOR+BIBERON 9oz,
993,7501390910953,Farma,HEMAMINA AD SOL C 10 AMP,
994,7501314703616,Farma,DIMEGAN D C10 CAPS 5MG 20MG,
995,7501299303047,Farma,CICLOFERON BCO 2GR CREM AGOSTO 27,
996,7501070618995,Farma,AEROFLUX SOL 120ML C PIPETA,
997,7501058715685,Farma,TEMPRA FTE TAB 24 MAS 12 PRECIO ESPECIAL,
998,7791293032436,Mark,DESOD REXONA WOM POW-DRY SPY 150ML,
999,7501035919129,Mark,SH PALMOL OPT EXT INT 400 ML,
1000,714706907654,Farma,BRONCOFRESH SAB MIX 33G EXH 12PZAS 24,
1001,7506205810046,Farma,ENFAMIL CONFORT PREMIUM 800G,
1002,7501299330371,Farma,EVOCS III 750MG C 7,
1003,7501299307380,Farma,PARAMIX 500 MG C 6 BLIST,
1004,008400000460,Farma,PREMID SUSP OFTAMICA 10ML,
1005,7501065003973,Farma,CENTRUM GENDER MAS 50 HOM C60TAB,
1006,7501299302866,Farma,SENSIBIT XP SOL 120ML,
1007,7506425637621,Mark,TAS HUM SUAVELASTIC PACK3 DURAZNO,
1008,7501314704927,Farma,SPASMOPRIV 200MG CAP C12,
1009,7501050600026,Farma,CELESTAMINE NS C20 TABS 5 2 5 MG JULIO 27 GRATIS 1 CLARITYNE SOL 60ML MARZO 27 240,
1010,7501100088095,Farma,TYLENOL 500MG C20 TABS,
1011,7506425659227,Mark,TAS HUM HONEYKEEPER MIEL C/72PZASN,
1012,714706910487,Farma,BICOESTOL EUCALIPTO TAB C16 72,
1013,354312225164,Farma,VITACILINA BEBE 50 G OFERTADO 5%,
1014,7501098633260,Farma,ATACAND PLUS 16 12 5 MG C 28 TAB,
1015,7501070614461,Farma,AMOXIBRON SUSP 250 8MG 5ML C 75 ML MARZO 28,
1016,7501100088217,Farma,TYLENOL GOTAS,
1017,7502321440013,Farma,BUSCAPINA DUO C10 TABS HIOSCINA/PARACET 10MG/500MG SANOFI,
1018,7702035870384,Mark,CRA LUBRIDERM REP INTENS 200ML,
1019,7501299307687,Farma,EVOCS 111 500 MG C 7 TABS,
1020,7501298213040,Farma,CAUDALINE 100MG TAB C30 JULIO 27,
1021,7501108767947,Farma,ADVIL MAX 400 MG C20 CAPS NOVIEMBRE 26,
1022,037836089190,Mark,SH RICITOS DE ORO DUOPACK LAV Y LECH 400ML,
1023,7501058715555,Farma,TEMPRA FEN INF 100ML FSA AGOSTO 27,
1024,7891024036570,Mark,ENJ BUC COLGATE ORTHOGARD 250ML,
1025,070942303194,Mark,HILO DENT GUM C/CERAS MTA 129P,
1026,7501088505157,Farma,ALIN DEPOT 4MG AMP,
1027,7501125105135,Farma,AMK 500MG INY C 1 AMIKACINA PISA 262,
1028,75002794,Mark,SH PALMOL OPT 2EN1 INT 200ML,
1029,714706910913,Farma,BICOESTOL CEREZA TAB C16 72,
1030,714706910890,Farma,BICOESTOL LIMON C16 TABS 72,
1031,7501027554949,Mark,TAZA ENT EVENFLO ANIMAL C/POP11OZ,
1032,7501326004176,Farma,JANUMET 50 850MG CPR28 ABRIL 27,
1033,7500462746698,Farma,AJOLOTIUS REFORZADO PROPOLEO 250 ML 40,
1034,7502240450018,Farma,CHARYN 500MG C 3 TABS AZITROMICINA 256 WERMAR,
1035,7506306226722,Mark,DESOD AXE MEN YOUNG SPY 150ML,
1036,7509546078618,Mark,SH MENNEN LAVAN-EXTRA AVENA 700ML,
1037,7501124184780,Farma,KI CAB 50MG TEGOPRAZAN 10TABS,
1038,7501299308073,Farma,SENSIBIT XP 30 MG C20 TAB,
1039,7501299301128,Farma,FLAGENASE 400 SUSP PEDIAT,
1040,7501057006371,Mark,ANTISEP LIST TOTAL CARE 500ML,
1041,037836050282,Mark,JBN LIQ GRISI NEUTRO 450ML,
1042,7509546654997,Mark,MOUSSE CAPRICE FINAL TOUCH 200 G,
1043,7891317047146,Farma,MADECASSOL C OVULO 300MG/15MG/6MG C12 EUROFARMA,
1044,7501328979564,Farma,PLAQUENIL 200MG C 20 TABS,
1045,7891317019617,Farma,EDARBI 80MG C28 TABS AZILSARTAN MEDOXOMILO,
1046,7500435171038,Mark,CEP DENT ORAL-B 40 SUAVE 2PZ,
1047,7501318685499,Farma,XARELTO 10MG C30 TABS,
1048,7501122960317,Farma,CLOBESOL 0 05 CRA 30G,
1049,7501299330166,Farma,DEGREGAN 75MG TAB C28,
1050,7506425659111,Mark,MOVILASTIC XXJUMB C/40,
1051,7503027446248,Farma,DIVELGEL 100 300MG C16CAP BROMURO DE PINAVERIO DIMETICONA PROGELA,
1052,7501314704880,Farma,ULSEN 20MG CAPS C 14 1 1 OMEPRAZOL,
1053,7506484500430,Farma,CINTAPORE PIEL 1 25CM X 9 MTS C24 48,
1054,7501022182796,Mark,GRISI 150GR JBN BARRA NEUTRO PACK3,
1055,7501299302668,Farma,INHIBITRON DUAL 20 MG C 14,
1056,7506306226852,Mark,DESOD AXE WOM ANARCHY SPY 150ML,
1057,7501086494286,Mark,CEP DENT ORAL-B GDE 60 SVE,
1058,7501299338018,Farma,CICLOFERON XTMR 5 2G SPY 50ML,
1059,7501125109485,Farma,AMOXICLAV 250MG SUSP SEPTIEMBRE 27,
1060,7501165010789,Farma,ADEROGYL INF GTS 30ML 84,
1061,7501868900721,Farma,DIBAR GASA MONARCA C10 ATA C10,
1062,7501022105207,Mark,JBN GRISI NEUTRO 150 G,
1063,7509552828078,Mark,MASC FRUCTIS CAB DEBIL BANAN350ML,
1064,7501299307236,Farma,SENSIBIT D12 HRS C 12 TABS,
1065,7501034625076,Farma,SPIOLTO RESPIMAT 4ML C1,
1066,7501123014705,Farma,FEMISAN CREMA VAGINAL 400 MG,
1067,7501124100704,Farma,CARNOTPRIM 10 MG C 20 COMP,
1068,7501056330552,Mark,CRA PONDS REJUVE ARRUG 200 G,
1069,7501314701223,Farma,UNASAL 250MG TAB C 30 TERBINAFINA,
1070,5415062119839,Farma,AZULFIDINA 500MG C60 TABS SULFASALAZINA LIB PROLONGADA PFIZER,
1071,7501070903053,Farma,LIBERTRIM SUSP PED 30ML,
1072,17501073025605,Farma,PLASTIPACK 10ML C100 NEGRA,
1073,7500462746612,Farma,AJOLOTIUS JBE 250 ML SIN AZUCAR 40,
1074,070330731813,Mark,BIC SOLEIL 3 COLOR COLLECTION 12 PZS OFERTA 20%,
1075,7501287621504,Farma,ALDACTONE A 25MG C30 SEPTIEMBRE 27,
1076,75076856,Mark,DESOD REXONA CLIN SPORT 3X 96H58G,
1077,7501019040887,Mark,PANTY PROT SABA DIARIOS LGO C/50,
1078,7501070615529,Farma,DAFLON 450 50MG C60TAB,
1079,7501054504535,Mark,CRA NIVEA B MILK EXTSCA 400 ML,
1080,7502009749162,Farma,TRIMEBUTINA SIMETICONA 100MG 37.5MG 20CAPS MAVER,
1081,070942507240,Mark,CERA DENT GUM P/ORTODON MENT,
1082,3664798073256,Farma,HISTIACIL GR3 AMBROXOL 20MG SBR LIMON C18,
1083,7506306257603,Mark,PVO DESOD REXONA EFFI ANT-PRO 200G,
1084,7501027511218,Mark,BIB EVENFLO CUELL ANC 9OZ 3PZ,
1085,7502235760115,Farma,BELLAFEM PLENITUD CALCIO CON ISOFLAVONAS 1.266G TAB 60 EXELTIS PHARMA,
1086,7501070900441,Farma,FLUXEDAN 5 12 MG JBE 225 ML,
1087,7501065064165,Farma,COREGA 70G S SABOR,
1088,6939663900072,Farma,TERMOMETRO DIGITAL NEUTEK,
1089,7506306257580,Mark,PVO DESOD REXONA EFICC PIES 50 G,
1090,7509546074504,Mark,SH MENNEN ZERO% SVE 400ML,
1091,7501072300133,Farma,TING CREMA 28G,
1092,7501299301999,Farma,MUCOFLUX SOL 120 ML JULIO 27,
1093,7501385494475,Farma,HI DEX IM100MG JULIO 27 HORMONA,
1094,7509546063515,Mark,DESOD LADYSS PRO 5EN1 SPY 150ML,
1095,7501008496725,Farma,ASPIRINA EFERV C 60 TAB 36,
1096,7509546065465,Mark,CEP DENT COLGATE 360 BLACK 2X1,
1097,7509546073781,Mark,DESOD STEFANO MID-N SPY 113G,
1098,7501303451559,Farma,ANGELIQ T 28 1MG 2MG,
1099,7501318658189,Farma,ACTRON PLUS 400/100MG C10 CAPS IBUPROFENO CAFEINA,
1100,7501258215954,Farma,MURREOLAK ACETILCISTEINA 600MG C/20 TAB LAB SERRAL LYSOMUCIL,
1101,7501871720767,Farma,CONTUMAX 255G PVO,
1102,5391189310673,Farma,TRIPLIXAM 5/1.25/5 CPR C30,
1103,7501027800053,Farma,SERETIDE DISKUS 50 250 60 DOSIS,
1104,785120753349,Farma,MACROFURIN 100MG C40 CAPS NITROFURANTOINA MAVI,
1105,7501037907117,Farma,BISOLVON AD 120ML,
1106,7509546052885,Mark,KIT PORTA COLGATE 1CEP+1CD+1EST,
1107,7501033955969,Farma,SAMYR 500MG C 40 TABS,
1108,7501035909007,Mark,DESOD STEFANO BLACK STICK 60 G,
1109,7501017361113,Mark,PLO KLEENEX C/180,
1110,7509546700298,Mark,DESOD NEUTRO B +COLAGENO SPY 91G N,
1111,7501100089016,Farma,TYLEX 750MG 20TABS AGOSTO 27,
1112,7501027514103,Mark,BIB EVENFLO ACUARIO 8 OZ,
1113,7501088505720,Farma,GELAN PLUS FCO 250ML,
1114,7509546063843,Mark,DESOD LADYSS POW FRESH 24/7 SPY 91G ENE27,
1115,7500435251099,Farma,DOLO NEUROBION C10 TAB,
1116,7501101624636,Farma,TIAMINAL B12 TRI AP C 3,
1117,7501058715517,Farma,GRANEODIN B MTA TAB C24 PAST,
1118,7501027567062,Mark,PROTEC LACT EVENFLO ADVAN C/30,
1119,7501123002085,Farma,NOCOLODI 160MG C/30 TABS FENOFIBRATO GROSSMAN,
1120,7502214982477,Farma,PRUDENCE C3 FRESA OFERTADO 8%,
1121,7891317048808,Farma,MELOX NOCHE 180ML SUSP,
1122,7500435162241,Mark,SH H&S SVE-MAN 2 EN 1 650 ML,
1123,7501299306840,Farma,MACROZIT 600 MG SUSP 15 ML,
1124,7501390913374,Farma,ITALDERMOL G CRA 10G,
1125,7501035911024,Mark,C D COLGATE MFP 125ML,
1126,650240011153,Farma,LOMECAN TUBO 20 GR,
1127,7509546063706,Mark,DESOD SPEED S XTRE ULT 24/7 SPY 91G SEP26,
1128,7501072340092,Farma,FLAGYL 500 MG C 30 COMPR,
1129,037836012341,Farma,CAPENT 110GR POMADA,
1130,7509546072050,Mark,SH MENNEN MIEL-MZA SVE 200ML,
1131,75076337,Mark,DESOD REXONA MEN V8 48H STICK 45G,
1132,7803510000590,Farma,CIRUELAX 15MG C20COMP,
1133,7791293028781,Mark,DESOD AXE MEN BLACK SPY 150M,
1134,7501088559211,Farma,SCABISAN CREMA,
1135,7502214982491,Farma,PRUDENCE C3 UVA OFERTADO 8%,
1136,714706903182,Farma,BRONCOLIN VITRO MIXTO C 100,
1137,7509546064697,Mark,DESOD STEFANO PLAY AER SPY 113G,
1138,7501109760886,Farma,PARCHE NEGRO SALICILATO DE METILO Y BELLADONA QUIFA,
1139,7500435155854,Mark,SH PANTENE BAMBÚ 750ML C12,
1140,7501007535852,Farma,MOTILIUM 10MG C30 TAB DOMPERIDONA,
1141,7501007535876,Farma,TYLEX 750MG 40TABS,
1142,7506306252875,Mark,SERUM DOVE CORP NIACI T UNI 400 ML,
1143,7506306202832,Mark,DESOD AXE COLLISION SPY150ML,
1144,7501125114717,Farma,FICONAX 850MG T30 METFORMINA PISA,
1145,650240053634,Farma,ALLI TRIPLE C6 TABS,
1146,7501089803177,Farma,KARET 100 MG C 50 TABS,
1147,7501201490797,Farma,REFRESH TEARS 15ML GTS,
1148,7501300408976,Farma,DIMEFOR 850MG TABS60,
1149,7501201400680,Farma,PREDNEFRIN SF GTS,
1150,7501314704873,Farma,ULSEN 20 MG C 7 CAPS 1 1,
1151,5030243773237,Farma,ROLLO P MINI PRINTER 80X70MTS 75,
1152,7506484500409,Farma,CINTAPORE 9MT BCO 2 5CM C12 48,
1153,7501035908307,Mark,CRA MENNEN BABY MAGIC UV 300ML,
1154,7501124103217,Farma,CARNOTPRIM SOL 100ML CPIPETA,
1155,7501314701414,Farma,ACELER 2% CRA 15G,
1156,7501314701360,Farma,BIOMICS 100ML SUSP 100MG 5ML FEBRERO 27CEFIXIMA,
1157,7501298214429,Farma,EUTIROX 112MCG TAB C50,
1158,7509546694702,Mark,DESOD STEFANO NEXT LEVEL SPY150MLN,
1159,7501006711387,Mark,CEP DENT PRO D-DUT 2X1MED,
1160,650240010712,Farma,TUKOL D JBE AD 125 ML,
1161,7501086472048,Mark,CEP DENT ACCION MAYO ALCAN 60MED,
1162,7501300408099,Farma,DIMEFOR 500 C 60 TABL,
1163,7502211783787,Farma,ERBITRAX T 250MG C28 TAB TERBINAFINA LOEFFLER 108,
